date,platform,device_family,video_sec,rallies_found,shots_total,longest_rally_sec,move_distance_m,tracked_sec_reported,level_min,level_max,outcome,has_report,compress_fallback,status,error_code
2026-09-06,,,,,,,,,,,no_report_produced,0,0,expired,ANALYSIS_FAILED_NO_COURT
2026-09-06,,,,,,,,,,,no_report_produced,0,0,expired,ANALYSIS_FAILED_NO_COURT
2026-09-06,,,,,,,,,,,no_report_produced,0,0,expired,
2026-09-07,android,,70.7,10,21,11.7,70.0,,,,no_report_produced,0,0,expired,
2026-09-07,android,,116.6,10,92,18.2,74.3,,,,no_report_produced,0,0,expired,
2026-09-07,android,,12.7,3,16,7.1,12.1,,,,no_report_produced,0,0,expired,
2026-09-07,android,,53.2,8,45,12.4,31.0,,,,no_report_produced,0,0,expired,
2026-09-07,android,,59.6,10,33,9.7,51.0,,,,no_report_produced,0,0,expired,
2026-09-07,android,,50.4,4,76,12.7,56.1,,,,no_report_produced,0,0,expired,
2026-09-07,android,,18.9,1,22,,8.1,,,,no_report_produced,0,0,expired,
2026-09-07,android,,59.6,10,33,9.7,51.0,,,,no_report_produced,0,0,expired,
2026-09-07,android,,67.7,10,62,13.2,33.2,,,,no_report_produced,0,0,expired,
2026-09-07,android,,37.8,7,13,8.8,40.8,,,,no_report_produced,0,0,expired,
2026-09-07,android,,54.8,10,26,8.1,76.4,,,,no_report_produced,0,0,expired,
2026-09-07,android,,33.7,6,17,9.7,35.5,,,,no_report_produced,0,0,expired,
2026-09-07,android,,8.5,1,7,8.6,7.4,,,,no_report_produced,0,0,expired,
2026-09-07,android,,65.8,6,108,19.1,59.6,,,,no_report_produced,0,0,expired,
2026-09-07,android,,122.9,10,97,18.8,114.8,,,,no_report_produced,0,0,expired,
2026-09-07,android,,118.4,10,100,13.1,76.6,,,,no_report_produced,0,0,expired,
2026-09-07,android,,77.9,10,55,10.3,95.0,,,,no_report_produced,0,0,expired,
2026-09-07,android,,,,,,,,,,no_report_produced,0,0,expired,
2026-09-07,android,,91.2,10,212,17.5,85.7,,,,no_report_produced,0,0,expired,
2026-09-07,android,,,,,,,,,,no_report_produced,0,0,expired,ANALYSIS_FAILED_NO_COURT
2026-09-07,android,,24.2,3,15,8.8,5.2,,,,no_report_produced,0,0,expired,
2026-09-07,android,,17.9,2,23,15.3,34.3,,,,no_report_produced,0,0,expired,
2026-09-07,android,,45.9,8,56,14.1,66.9,,,,no_report_produced,0,0,expired,
2026-09-07,android,,44.9,10,35,7.4,25.1,,,,no_report_produced,0,0,expired,
2026-09-07,android,,79.7,10,80,19.3,70.0,,,,no_report_produced,0,0,expired,
2026-09-07,android,,36.2,5,27,10.1,51.0,,,,no_report_produced,0,0,expired,
2026-09-07,android,,12.7,3,16,7.1,12.1,,,,no_report_produced,0,0,expired,
2026-09-07,android,,39.9,5,15,12.1,30.2,,,,no_report_produced,0,0,expired,
2026-09-07,android,,100.7,10,86,18.8,88.0,,,,no_report_produced,0,0,expired,
2026-09-07,android,,7.3,1,18,,6.5,,,,no_report_produced,0,0,expired,
2026-09-07,android,,118.7,10,97,16.0,88.3,,,,no_report_produced,0,0,expired,
2026-09-07,android,,48.0,7,27,5.9,36.1,,,,no_report_produced,0,0,expired,
2026-09-07,android,,,,,,,,,,no_report_produced,0,0,expired,
2026-09-08,android,,62.9,8,47,11.8,41.6,,,,no_report_produced,0,0,expired,
2026-09-08,android,,18.4,3,8,11.1,18.8,,,,no_report_produced,0,0,expired,
2026-09-08,android,SM-,77.5,10,68,15.7,119.1,,,,no_report_produced,0,0,expired,
2026-09-08,android,,,,,,,,,,no_report_produced,0,0,expired,
2026-09-08,android,,18.3,3,19,6.2,15.9,,,,no_report_produced,0,0,expired,
2026-09-08,android,,25.7,4,9,16.0,26.4,,,,no_report_produced,0,0,expired,
2026-09-08,android,,112.6,10,86,13.6,111.9,,,,no_report_produced,0,0,expired,
2026-09-08,android,,,,,,,,,,no_report_produced,0,0,expired,
2026-09-08,android,,,,,,,,,,no_report_produced,0,0,expired,
2026-09-08,android,,70.8,8,50,18.9,92.4,,,,no_report_produced,0,0,expired,
2026-09-08,android,,8.9,2,4,5.4,19.9,,,,no_report_produced,0,0,expired,
2026-09-08,android,,142.7,10,94,17.0,172.4,,,,no_report_produced,0,0,expired,
2026-09-08,android,,52.1,8,26,10.9,82.4,,,,no_report_produced,0,0,expired,
2026-09-08,android,,47.9,5,31,9.3,45.3,,,,no_report_produced,0,0,expired,
2026-09-08,android,,29.9,5,19,6.1,17.6,,,,no_report_produced,0,0,expired,
2026-09-08,android,,37.5,7,25,9.0,25.3,,,,no_report_produced,0,0,expired,
2026-09-08,android,,66.2,10,78,13.4,80.8,,,,no_report_produced,0,0,expired,
2026-09-08,android,,10.4,2,4,5.1,10.3,,,,no_report_produced,0,0,expired,
2026-09-08,android,,19.1,2,43,15.7,23.9,,,,no_report_produced,0,0,expired,
2026-09-08,android,,,,,,,,,,no_report_produced,0,0,expired,
2026-09-08,android,,17.7,6,19,9.2,25.1,,,,no_report_produced,0,0,expired,
2026-09-08,android,,8.8,1,5,6.3,10.0,,,,no_report_produced,0,0,expired,
2026-09-08,android,,112.6,10,86,13.6,111.9,,,,no_report_produced,0,0,expired,
2026-09-08,android,,46.7,7,26,13.0,68.6,,,,no_report_produced,0,0,expired,
2026-09-08,android,,5.5,1,3,5.9,10.0,,,,no_report_produced,0,0,expired,
2026-09-08,android,,98.3,10,84,12.5,111.1,,,,no_report_produced,0,0,expired,
2026-09-08,android,,52.3,5,59,16.1,33.9,,,,no_report_produced,0,0,expired,
2026-09-08,android,,58.3,7,27,11.8,105.0,,,,no_report_produced,0,0,expired,
2026-09-08,android,,6.6,1,4,6.1,4.7,,,,no_report_produced,0,0,expired,
2026-09-08,android,,82.8,10,77,13.7,80.5,,,,no_report_produced,0,0,expired,
2026-09-08,android,,43.4,9,72,14.9,20.9,,,,no_report_produced,0,0,expired,
2026-09-08,android,,33.7,6,8,5.2,7.5,,,,no_report_produced,0,0,expired,
2026-09-08,android,,5.5,1,3,3.2,5.7,,,,no_report_produced,0,0,expired,
2026-09-08,e2e,,47.9,5,31,9.3,45.3,,,,no_report_produced,0,0,expired,
2026-09-08,android,,5.5,1,4,9.2,9.5,,,,no_report_produced,0,0,expired,
2026-09-08,android,,50.0,10,29,8.8,50.2,,,,no_report_produced,0,0,expired,
2026-09-08,android,,112.6,10,86,13.6,111.9,,,,no_report_produced,0,0,expired,
2026-09-08,android,,12.3,2,4,6.5,9.2,,,,no_report_produced,0,0,expired,
2026-09-08,android,,5.2,1,2,5.3,9.0,,,,no_report_produced,0,0,expired,
2026-09-08,android,,70.8,8,50,18.9,92.4,,,,no_report_produced,0,0,expired,
2026-09-08,android,,70.8,8,50,18.9,92.4,,,,no_report_produced,0,0,expired,
2026-09-08,android,,73.1,10,67,13.0,49.2,,,,no_report_produced,0,0,expired,
2026-09-08,android,,8.5,2,4,6.3,6.5,,,,no_report_produced,0,0,expired,
2026-09-08,android,SM-,20.0,,,,,,,,no_report_produced,0,0,expired,PICK_ABANDONED
2026-09-08,android,,5.5,1,3,5.9,10.0,,,,no_report_produced,0,0,expired,
2026-09-08,android,,6.4,1,2,4.2,,,,,no_report_produced,0,0,expired,
2026-09-08,android,,5.5,1,3,5.9,10.0,,,,no_report_produced,0,0,expired,
2026-09-08,android,,27.3,10,102,18.1,18.3,,,,no_report_produced,0,0,expired,
2026-09-08,android,,5.5,1,1,4.0,1.9,,,,no_report_produced,0,0,expired,
2026-09-08,android,,2.3,1,3,5.8,3.0,,,,no_report_produced,0,0,expired,
2026-09-08,android,,24.1,6,18,6.9,32.0,,,,no_report_produced,0,0,expired,
2026-09-08,android,,5.3,1,2,5.9,8.5,,,,no_report_produced,0,0,expired,
2026-09-08,android,,117.8,10,106,13.5,105.3,,,,no_report_produced,0,0,expired,
2026-09-08,android,,78.5,10,35,10.6,92.9,,,,no_report_produced,0,0,expired,
2026-09-08,android,,19.5,3,6,6.9,35.3,,,,no_report_produced,0,0,expired,
2026-09-08,android,,64.4,10,38,8.3,64.9,,,,no_report_produced,0,0,expired,
2026-09-08,android,,98.5,10,97,14.7,106.8,,,,no_report_produced,0,0,expired,
2026-09-08,android,,42.7,6,34,19.2,49.8,,,,no_report_produced,0,0,expired,
2026-09-08,android,,,,,,,,,,no_report_produced,0,0,expired,
2026-09-08,android,,51.3,8,58,19.7,49.1,,,,no_report_produced,0,0,expired,
2026-09-08,android,,58.3,7,27,11.8,105.0,,,,no_report_produced,0,0,expired,
2026-09-08,android,,10.8,2,9,8.9,12.1,,,,no_report_produced,0,0,expired,
2026-09-08,android,,11.9,2,9,9.8,12.1,,,,no_report_produced,0,0,expired,
2026-09-08,android,,8.8,1,5,6.3,10.0,,,,no_report_produced,0,0,expired,
2026-09-08,android,SM-,,1,13,10.9,,,,,no_report_produced,0,1,expired,
2026-09-08,android,SM-,,1,14,10.1,,,,,no_report_produced,0,0,expired,
2026-09-08,android,,,,,,,,,,no_report_produced,0,0,expired,
2026-09-08,android,,33.3,5,9,4.1,14.7,,,,no_report_produced,0,0,expired,
2026-09-08,android,,9.8,2,1,4.5,4.2,,,,no_report_produced,0,0,expired,
2026-09-08,android,,101.5,9,79,15.7,134.0,,,,no_report_produced,0,0,expired,
2026-09-08,android,,58.3,7,27,11.8,105.0,,,,no_report_produced,0,0,expired,
2026-09-08,android,,70.6,10,65,11.7,62.3,,,,no_report_produced,0,0,expired,
2026-09-08,android,,17.7,2,12,13.3,18.7,,,,no_report_produced,0,0,expired,
2026-09-08,android,,112.6,10,86,13.6,111.9,,,,no_report_produced,0,0,expired,
2026-09-08,android,,86.7,10,63,19.6,131.2,,,,no_report_produced,0,0,expired,
2026-09-08,android,,0.4,1,,5.3,0.8,,,,no_report_produced,0,0,expired,
2026-09-08,android,,95.4,10,92,16.9,47.7,,,,no_report_produced,0,0,expired,
2026-09-08,android,,,,,,,,,,no_report_produced,0,0,expired,
2026-09-08,android,,46.3,10,43,14.0,49.6,,,,no_report_produced,0,0,expired,
2026-09-08,android,,58.3,7,27,11.8,105.0,,,,no_report_produced,0,0,expired,
2026-09-08,android,,92.1,10,77,18.0,66.2,,,,no_report_produced,0,0,expired,
2026-09-08,android,,74.9,10,79,15.0,51.1,,,,no_report_produced,0,0,expired,
2026-09-08,android,,39.6,7,43,10.6,40.1,,,,no_report_produced,0,0,expired,
2026-09-08,android,,24.0,3,19,10.6,51.7,,,,no_report_produced,0,0,expired,
2026-09-08,android,,82.3,10,35,17.1,118.8,,,,no_report_produced,0,0,expired,
2026-09-08,android,,,,,,,,,,no_report_produced,0,0,expired,
2026-09-08,android,,32.3,5,12,7.1,32.4,,,,no_report_produced,0,0,expired,
2026-09-08,android,,6.4,1,2,4.6,5.0,,,,no_report_produced,0,0,expired,
2026-09-08,android,,100.5,10,96,18.3,136.9,,,,no_report_produced,0,0,expired,
2026-09-08,android,,,,,,,,,,no_report_produced,0,0,expired,
2026-09-08,android,,41.2,5,30,13.2,53.7,,,,no_report_produced,0,0,expired,
2026-09-08,android,,87.3,10,57,11.6,51.5,,,,no_report_produced,0,0,expired,
2026-09-08,android,,21.2,4,6,7.4,22.8,,,,no_report_produced,0,0,expired,
2026-09-08,android,,113.7,10,120,18.8,100.4,,,,no_report_produced,0,0,expired,
2026-09-08,android,,74.9,10,79,15.0,51.1,,,,no_report_produced,0,0,expired,
2026-09-08,android,,72.7,8,55,14.7,49.3,,,,no_report_produced,0,0,expired,
2026-09-08,android,SM-,16.9,2,14,7.6,23.8,,,,no_report_produced,0,0,expired,
2026-09-08,android,,10.9,2,5,4.6,7.4,,,,no_report_produced,0,0,expired,
2026-09-08,android,,31.7,7,31,15.5,28.1,,,,no_report_produced,0,0,expired,
2026-09-08,android,,8.2,3,4,12.7,12.8,,,,no_report_produced,0,0,expired,
2026-09-08,android,,37.5,7,25,9.0,25.3,,,,no_report_produced,0,0,expired,
2026-09-08,android,,1.9,1,5,5.5,7.4,,,,no_report_produced,0,0,expired,
2026-09-08,android,,24.5,6,28,10.8,47.9,,,,no_report_produced,0,0,expired,
2026-09-08,android,,107.3,10,69,13.3,121.4,,,,no_report_produced,0,0,expired,
2026-09-08,android,,107.3,10,69,13.3,121.4,,,,no_report_produced,0,0,expired,
2026-09-08,android,,59.1,10,31,9.5,71.3,,,,no_report_produced,0,0,expired,
2026-09-08,android,,4.0,1,3,8.4,8.6,,,,no_report_produced,0,0,expired,
2026-09-08,android,,17.7,2,12,13.3,18.7,,,,no_report_produced,0,0,expired,
2026-09-08,android,,20.9,4,16,13.5,32.4,,,,no_report_produced,0,0,expired,
2026-09-08,android,,70.8,8,50,18.9,92.4,,,,no_report_produced,0,0,expired,
2026-09-08,android,,70.8,8,50,18.9,92.4,,,,no_report_produced,0,0,expired,
2026-09-08,android,,0.5,2,4,9.3,2.0,,,,no_report_produced,0,0,expired,
2026-09-08,android,,90.1,10,57,11.5,120.3,,,,no_report_produced,0,0,expired,
2026-09-08,android,,70.8,8,50,18.9,92.4,,,,no_report_produced,0,0,expired,
2026-09-08,android,,113.7,10,120,18.8,100.4,,,,no_report_produced,0,0,expired,
2026-09-08,android,,,,,,,,,,no_report_produced,0,0,expired,
2026-09-08,android,,18.0,4,16,8.8,22.3,,,,no_report_produced,0,0,expired,
2026-09-09,android,,,,,,,,,,no_report_produced,0,0,expired,
2026-09-09,android,,13.5,2,8,6.9,19.5,,,,no_report_produced,0,0,expired,
2026-09-09,android,Pix,120.5,10,250,18.3,77.0,,,,no_report_produced,0,1,expired,
2026-09-09,android,,103.6,10,92,18.7,98.6,,,,no_report_produced,0,0,expired,
2026-09-09,ios,,131.9,10,273,14.2,123.6,,,,no_report_produced,0,0,expired,
2026-09-09,android,,14.7,2,7,9.6,23.4,,,,no_report_produced,0,0,expired,
2026-09-09,android,XQ-,57.6,6,85,17.7,46.0,,,,no_report_produced,0,0,expired,
2026-09-09,android,,,,,,,,,,no_report_produced,0,0,expired,
2026-09-09,android,SM-,80.3,10,83,17.8,78.7,,,,no_report_produced,0,0,expired,
2026-09-09,android,Pix,90.0,10,73,18.3,89.1,,,,no_report_produced,0,0,expired,
2026-09-09,android,CPH,33.0,3,60,11.2,41.8,,,,no_report_produced,0,1,expired,
2026-09-09,android,PHU,673.6,,,,,,,,no_report_produced,0,1,expired,PICK_ABANDONED
2026-09-09,android,SM-,50.0,6,31,14.5,60.3,,,,no_report_produced,0,0,expired,
2026-09-09,android,V23,81.2,10,64,14.7,86.4,,,,no_report_produced,0,0,expired,
2026-09-09,android,,6.6,1,6,9.6,11.2,,,,no_report_produced,0,0,expired,
2026-09-09,android,,65.3,7,65,13.4,110.3,,,,no_report_produced,0,0,expired,
2026-09-09,android,,86.2,7,91,15.2,112.9,,,,no_report_produced,0,0,expired,
2026-09-09,android,241,1.9,2,7,5.0,4.5,,,,no_report_produced,0,0,expired,
2026-09-09,android,PGT,39.7,9,26,10.3,52.3,,,,no_report_produced,0,0,expired,
2026-09-09,ios,,60.7,9,171,16.8,53.4,,,,no_report_produced,0,0,expired,
2026-09-09,android,,102.6,10,66,16.8,112.6,,,,no_report_produced,0,0,expired,
2026-09-09,android,SM-,121.2,10,108,19.2,119.7,,,,no_report_produced,0,1,expired,
2026-09-09,android,,41.0,5,39,10.1,70.1,,,,no_report_produced,0,0,expired,
2026-09-09,android,,0.4,3,6,8.1,1.1,,,,no_report_produced,0,0,expired,
2026-09-09,android,,5.0,1,5,6.2,3.7,,,,no_report_produced,0,0,expired,
2026-09-09,android,PGT,43.5,8,25,10.3,55.9,,,,no_report_produced,0,0,expired,
2026-09-09,android,,88.4,10,87,17.0,47.5,,,,no_report_produced,0,0,expired,
2026-09-09,android,ASU,96.3,10,58,15.5,113.0,,,,no_report_produced,0,1,expired,
2026-09-09,android,XQ-,71.6,10,30,14.7,73.6,,,,no_report_produced,0,0,expired,
2026-09-09,android,,107.9,10,100,17.2,141.4,,,,no_report_produced,0,0,expired,
2026-09-09,android,,78.3,10,89,12.6,50.1,,,,no_report_produced,0,0,expired,
2026-09-09,android,ASU,73.2,10,38,11.6,59.9,,,,no_report_produced,0,1,expired,
2026-09-09,android,SM-,5.9,1,1,6.0,5.6,,,,no_report_produced,0,0,expired,
2026-09-09,android,,71.9,10,65,10.6,102.7,,,,no_report_produced,0,0,expired,
2026-09-09,android,Pix,131.6,10,250,18.3,80.9,,,,no_report_produced,0,1,expired,
2026-09-09,android,PGT,39.3,9,26,10.3,57.7,,,,no_report_produced,0,0,expired,
2026-09-09,android,SM-,99.4,10,131,16.5,126.0,,,,no_report_produced,0,1,expired,
2026-09-09,android,SM-,53.0,7,107,19.2,62.3,,,,no_report_produced,0,1,expired,
2026-09-09,android,SM-,67.2,6,34,18.3,65.9,,,,no_report_produced,0,1,expired,
2026-09-09,android,V23,45.7,9,117,17.6,27.1,,,,no_report_produced,0,0,expired,
2026-09-09,android,,102.6,10,66,16.8,112.6,,,,no_report_produced,0,0,expired,
2026-09-09,android,,18.4,3,23,13.7,18.7,,,,no_report_produced,0,0,expired,
2026-09-09,android,,,,,,,,,,no_report_produced,0,0,expired,
2026-09-09,android,,41.2,10,39,12.0,77.8,,,,no_report_produced,0,0,expired,
2026-09-09,android,SM-,5.9,1,1,6.0,10.0,,,,no_report_produced,0,0,expired,
2026-09-09,android,SM-,11.1,2,5,8.2,19.7,,,,no_report_produced,0,0,expired,
2026-09-09,android,,54.9,10,67,17.7,44.3,,,,no_report_produced,0,0,expired,
2026-09-09,android,,58.3,10,29,9.1,44.6,,,,no_report_produced,0,0,expired,
2026-09-09,android,,,,,,,,,,no_report_produced,0,0,expired,
2026-09-09,android,SM-,76.5,10,138,14.6,76.3,,,,no_report_produced,0,1,expired,
2026-09-09,android,,5.5,1,3,3.5,5.0,,,,no_report_produced,0,0,expired,
2026-09-09,android,PGT,308.0,,,,,,,,no_report_produced,0,0,expired,PICK_ABANDONED
2026-09-09,android,,26.9,5,13,8.4,23.7,,,,no_report_produced,0,0,expired,
2026-09-09,android,CPH,3.5,1,6,4.3,3.3,,,,no_report_produced,0,1,expired,
2026-09-09,android,,4.8,1,1,6.9,4.7,,,,no_report_produced,0,0,expired,
2026-09-09,android,PGT,54.0,9,26,10.3,73.3,,,,no_report_produced,0,0,expired,
2026-09-09,android,,57.3,9,62,17.6,47.0,,,,no_report_produced,0,0,expired,
2026-09-09,android,,61.4,9,98,11.3,53.6,,,,no_report_produced,0,0,expired,
2026-09-09,android,,,,,,,,,,no_report_produced,0,0,expired,
2026-09-09,android,SM-,91.5,10,141,16.6,76.9,,,,no_report_produced,0,1,expired,
2026-09-09,ios,,315.1,,,,132.7,,,,no_report_produced,0,0,expired,
2026-09-09,android,,10.1,1,4,13.6,11.3,,,,no_report_produced,0,0,expired,
2026-09-09,android,DNP,85.1,9,154,18.1,96.4,,,,no_report_produced,0,1,expired,
2026-09-09,android,241,5.7,3,11,8.4,11.0,,,,no_report_produced,0,0,expired,
2026-09-09,android,SM-,3.2,2,7,6.3,2.3,,,,no_report_produced,0,0,expired,
2026-09-09,android,DNP,57.6,10,68,10.9,57.6,,,,no_report_produced,0,1,expired,
2026-09-09,android,,,,,,,,,,no_report_produced,0,0,expired,
2026-09-09,android,PGT,51.7,9,26,10.3,72.7,,,,no_report_produced,0,0,expired,
2026-09-09,android,,48.1,10,30,6.9,37.4,,,,no_report_produced,0,0,expired,
2026-09-09,android,,11.1,2,8,6.8,5.9,,,,no_report_produced,0,0,expired,
2026-09-09,android,,,1,3,4.7,,,,,no_report_produced,0,0,expired,
2026-09-09,android,Pix,123.7,10,250,18.3,110.9,,,,no_report_produced,0,1,expired,
2026-09-10,ios,,9.9,2,20,12.5,8.6,,,,no_report_produced,0,0,expired,
2026-09-10,android,SM-,113.0,10,78,18.9,120.4,,,,no_report_produced,0,1,expired,
2026-09-10,android,231,57.7,5,57,19.1,58.5,,,,no_report_produced,0,0,expired,
2026-09-10,android,TB3,80.1,10,73,17.3,92.8,,,,no_report_produced,0,1,expired,
2026-09-10,ios,,114.0,10,113,17.6,130.1,,,,no_report_produced,0,0,expired,
2026-09-10,ios,,,1,4,10.3,,,,,no_report_produced,0,0,expired,
2026-09-10,android,,4.5,1,2,6.7,4.9,,,,no_report_produced,0,0,expired,
2026-09-10,ios,,23.2,,,5.3,18.7,,,,no_report_produced,0,0,expired,
2026-09-10,ios,,86.0,10,118,17.4,66.8,,,,no_report_produced,0,0,expired,
2026-09-10,ios,,106.8,10,78,14.1,32.8,,,,no_report_produced,0,0,expired,
2026-09-10,ios,,94.6,10,93,14.4,54.2,,,,no_report_produced,0,0,expired,
2026-09-10,android,XQ-,18.9,7,23,6.8,23.1,,,,no_report_produced,0,0,expired,
2026-09-10,ios,,,,,,,,,,no_report_produced,0,0,expired,
2026-09-10,android,SM-,10.8,2,4,7.2,12.3,,,,no_report_produced,0,0,expired,
2026-09-10,ios,,84.3,10,91,14.8,116.1,,,,no_report_produced,0,0,expired,
2026-09-10,android,PGT,35.2,9,26,10.3,50.0,,,,no_report_produced,0,0,expired,
2026-09-10,android,Pix,53.8,9,22,7.3,37.0,,,,no_report_produced,0,0,expired,
2026-09-10,android,XQ-,26.5,6,11,6.5,25.6,,,,no_report_produced,0,0,expired,
2026-09-10,android,,16.6,2,6,7.7,24.8,,,,no_report_produced,0,0,expired,
2026-09-10,ios,,86.2,10,75,11.6,53.7,,,,no_report_produced,0,0,expired,
2026-09-10,android,260,71.0,10,48,7.4,16.9,,,,no_report_produced,0,1,expired,
2026-09-10,android,XQ-,68.1,9,32,16.0,41.5,,,,no_report_produced,0,0,expired,
2026-09-10,android,V22,60.1,10,28,10.3,87.8,,,,no_report_produced,0,1,expired,
2026-09-10,ios,,18.4,3,11,9.6,21.0,,,,no_report_produced,0,0,expired,
2026-09-10,android,Pix,64.4,,,,,,,,no_report_produced,0,0,expired,PICK_ABANDONED
2026-09-10,ios,,96.4,10,145,12.5,97.3,,,,no_report_produced,0,0,expired,
2026-09-10,android,SM-,30.5,3,31,14.0,37.2,,,,no_report_produced,0,1,expired,
2026-09-10,ios,,25.2,,,5.3,20.6,,,,no_report_produced,0,0,expired,
2026-09-10,ios,,6.3,1,4,7.8,4.8,,,,no_report_produced,0,0,expired,
2026-09-10,android,230,62.4,10,82,15.3,61.3,,,,no_report_produced,0,0,expired,
2026-09-10,android,240,34.5,7,31,12.9,42.5,,,,no_report_produced,0,0,expired,
2026-09-10,android,Pix,52.0,10,29,7.5,47.3,,,,no_report_produced,0,0,expired,
2026-09-10,ios,,106.1,10,93,13.6,109.7,,,,no_report_produced,0,0,expired,
2026-09-10,android,Pix,63.4,10,40,10.7,52.7,,,,no_report_produced,0,1,expired,
2026-09-10,ios,,133.4,10,174,20.0,212.0,,,,no_report_produced,0,0,expired,
2026-09-10,android,250,116.9,10,124,17.5,156.1,,,,no_report_produced,0,1,expired,
2026-09-10,android,,47.1,8,29,14.5,50.0,,,,no_report_produced,0,0,expired,
2026-09-10,android,230,123.5,10,501,17.1,157.3,,,,no_report_produced,0,1,expired,
2026-09-10,ios,,21.2,5,38,16.1,24.2,,,,no_report_produced,0,0,expired,
2026-09-10,android,SM-,20.7,9,20,7.7,24.2,,,,no_report_produced,0,1,expired,
2026-09-10,android,230,15.2,1,35,1.9,8.4,,,,no_report_produced,0,0,expired,
2026-09-10,android,240,41.1,9,35,9.2,42.0,,,,no_report_produced,0,1,expired,
2026-09-10,android,XQ-,114.0,10,64,16.3,96.1,,,,no_report_produced,0,0,expired,
2026-09-10,android,SM-,124.6,10,87,20.0,166.5,,,,no_report_produced,0,0,expired,
2026-09-10,android,SM-,87.4,10,71,14.4,76.9,,,,no_report_produced,0,0,expired,
2026-09-10,ios,,71.9,10,151,14.1,83.8,,,,no_report_produced,0,0,expired,
2026-09-10,ios,,10.4,2,6,6.1,6.9,,,,no_report_produced,0,0,expired,
2026-09-10,ios,,,,,,,,,,no_report_produced,0,0,expired,
2026-09-10,android,231,92.4,10,92,11.1,104.9,,,,no_report_produced,0,0,expired,
2026-09-10,ios,,76.1,10,41,14.0,57.4,,,,no_report_produced,0,0,expired,
2026-09-10,android,231,98.3,10,78,14.2,111.3,,,,no_report_produced,0,0,expired,
2026-09-10,android,SM-,75.6,1,4,6.4,,,,,no_report_produced,0,0,expired,
2026-09-10,ios,,,,,,,,,,no_report_produced,0,0,expired,
2026-09-10,ios,,77.6,10,79,14.1,65.7,,,,no_report_produced,0,0,expired,
2026-09-10,android,XQ-,74.7,10,60,16.3,54.0,,,,no_report_produced,0,0,expired,
2026-09-10,android,230,31.7,4,17,19.7,33.9,,,,no_report_produced,0,0,expired,
2026-09-10,android,SM-,19.9,2,15,14.2,7.8,,,,no_report_produced,0,0,expired,
2026-09-10,android,260,67.4,10,65,15.1,44.8,,,,no_report_produced,0,1,expired,
2026-09-10,ios,,71.6,9,42,13.0,81.9,,,,no_report_produced,0,0,expired,
2026-09-10,android,,53.6,10,37,15.0,38.9,,,,no_report_produced,0,0,expired,
2026-09-10,ios,,138.4,10,150,19.3,191.6,,,,no_report_produced,0,0,expired,
2026-09-10,ios,,85.6,10,91,15.3,88.8,,,,no_report_produced,0,0,expired,
2026-09-10,android,XQ-,23.5,6,12,7.3,21.5,,,,no_report_produced,0,0,expired,
2026-09-10,android,240,60.1,10,107,10.5,54.8,,,,no_report_produced,0,1,expired,
2026-09-10,ios,,20.8,,,5.5,20.9,,,,no_report_produced,0,0,expired,
2026-09-10,android,Pix,62.7,10,69,13.2,33.3,,,,no_report_produced,0,0,expired,
2026-09-10,android,,,,,,,,,,no_report_produced,0,0,expired,
2026-09-10,ios,,,1,5,14.7,,,,,no_report_produced,0,0,expired,
2026-09-10,ios,,4.2,1,4,5.8,4.5,,,,no_report_produced,0,0,expired,
2026-09-10,android,SM-,55.0,10,46,9.7,32.8,,,,no_report_produced,0,0,expired,
2026-09-10,android,ASU,542.6,,,,,,,,no_report_produced,0,1,expired,
2026-09-10,android,240,22.8,7,36,18.1,23.2,,,,no_report_produced,0,1,expired,
2026-09-10,ios,,,,,,,,,,no_report_produced,0,0,expired,
2026-09-10,ios,,52.5,8,43,8.5,34.0,,,,no_report_produced,0,0,expired,
2026-09-10,android,,71.3,10,46,13.6,64.8,,,,no_report_produced,0,0,expired,
2026-09-10,android,SM-,132.1,10,188,17.9,112.3,,,,no_report_produced,0,1,expired,
2026-09-10,android,ASU,542.6,,,,,,,,no_report_produced,0,1,expired,
2026-09-10,android,Pix,20.3,3,4,6.1,15.1,,,,no_report_produced,0,0,expired,
2026-09-11,android,SM-,165.7,,,,,,,,no_report_produced,0,0,failed,PICK_ABANDONED
2026-09-11,ios,,34.6,9,36,9.7,32.8,35,,,tracked_seconds_under_45,1,0,completed,
2026-09-11,ios,,37.5,9,115,18.6,38.7,38,,,tracked_seconds_under_45,1,0,completed,
2026-09-11,android,V22,82.1,10,73,14.6,87.2,,7,9,given_level,1,1,completed,
2026-09-11,ios,,101.0,10,197,18.3,115.8,,6,8,given_level,1,0,completed,
2026-09-11,ios,,12.5,3,16,8.2,24.0,12,,,tracked_seconds_under_45,1,0,completed,
2026-09-11,android,SM-,87.8,10,169,16.3,121.5,,6,8,given_level,1,1,completed,
2026-09-11,ios,,2.1,,,,,,,,no_report_produced,0,0,failed,PICK_ABANDONED
2026-09-11,android,SM-,102.3,10,61,13.4,75.4,,5,7,given_level,1,0,completed,
2026-09-11,ios,,72.4,10,39,9.4,68.4,,5,7,given_level,1,0,completed,
2026-09-11,ios,,96.8,10,131,17.7,104.5,,5,7,given_level,1,0,completed,
2026-09-11,ios,,96.8,10,88,14.8,76.6,,6,8,given_level,1,0,completed,
2026-09-11,android,LE2,60.4,10,49,16.9,46.5,,6,8,given_level,1,0,completed,
2026-09-11,ios,,5.9,1,6,5.7,11.4,6,,,tracked_seconds_under_45,1,0,completed,
2026-09-11,ios,,16.7,3,30,11.9,28.3,17,,,tracked_seconds_under_45,1,0,completed,
2026-09-11,ios,,56.0,8,94,15.3,50.1,,6,8,given_level,1,0,completed,
2026-09-11,ios,,135.9,10,132,19.2,168.1,,7,9,given_level,1,0,completed,
2026-09-11,ios,,42.5,9,45,15.6,55.6,42,,,tracked_seconds_under_45,1,0,completed,
2026-09-11,ios,,69.3,10,54,13.7,62.9,,6,8,given_level,1,0,completed,
2026-09-11,ios,,70.5,8,89,16.0,56.6,,6,8,given_level,1,0,completed,
2026-09-11,ios,,101.3,10,76,14.0,113.2,,7,9,given_level,1,0,completed,
2026-09-11,android,LE2,106.3,10,66,16.8,169.6,,8,10,given_level,1,1,completed,
2026-09-11,android,ALI,24.7,7,15,6.8,16.0,25,,,tracked_seconds_under_45,1,0,completed,
2026-09-11,android,SM-,127.6,10,160,19.7,177.0,,8,10,given_level,1,1,completed,
2026-09-11,ios,,406.2,,,,,,,,no_report_produced,0,0,failed,PICK_ABANDONED
2026-09-11,android,SM-,108.9,10,151,19.5,109.4,,7,9,given_level,1,0,completed,
2026-09-11,ios,,133.7,10,127,18.1,76.4,,5,7,given_level,1,0,completed,
2026-09-11,ios,,84.8,10,134,15.8,156.2,,,,camera_shake,1,0,completed,
2026-09-11,android,Pix,80.8,9,130,19.1,90.0,,7,9,given_level,1,1,completed,
2026-09-11,ios,,10.9,4,27,8.3,15.1,11,,,tracked_seconds_under_45,1,0,completed,
2026-09-11,android,SM-,29.6,4,11,9.8,19.5,30,,,tracked_seconds_under_45,1,1,completed,
2026-09-11,ios,,75.4,10,52,13.6,84.9,,7,9,given_level,1,0,completed,
2026-09-11,ios,,117.9,10,139,16.7,157.0,,7,9,given_level,1,0,completed,
2026-09-11,ios,,448.0,,,,,,,,no_report_produced,0,0,failed,PICK_ABANDONED
2026-09-11,ios,,1.2,1,6,11.1,3.4,1,,,tracked_seconds_under_45,1,0,completed,
2026-09-11,ios,,96.2,10,84,19.0,85.7,,5,7,given_level,1,0,completed,
2026-09-11,android,SM-,45.4,9,21,9.8,24.8,,5,7,given_level,1,1,completed,
2026-09-11,ios,,86.5,10,202,13.5,97.6,,6,8,given_level,1,0,completed,
2026-09-11,ios,,51.1,5,64,14.9,52.2,51,,,other,1,0,completed,
2026-09-11,ios,,4.9,2,3,6.4,6.7,5,,,tracked_seconds_under_45,1,0,completed,
2026-09-11,ios,,121.9,10,206,13.0,145.0,,6,8,given_level,1,0,completed,
2026-09-11,ios,,72.9,10,134,13.1,79.6,,6,8,given_level,1,0,completed,
2026-09-11,android,240,94.5,10,120,12.1,96.4,,,,insufficient_other,1,1,completed,
2026-09-11,ios,,72.8,10,42,7.7,65.7,,5,7,given_level,1,0,completed,
2026-09-11,android,SM-,34.9,8,52,12.3,25.2,35,,,tracked_seconds_under_45,1,1,completed,
2026-09-11,ios,,7.1,1,6,9.5,5.5,7,,,tracked_seconds_under_45,1,0,completed,
2026-09-11,android,SM-,5.9,1,1,4.2,7.7,6,,,tracked_seconds_under_45,1,0,completed,
2026-09-11,android,SM-,83.9,10,75,12.4,91.4,,7,9,given_level,1,1,completed,
2026-09-11,ios,,61.6,10,42,10.9,69.1,,4,6,given_level,1,0,completed,
2026-09-11,ios,,86.8,10,133,16.7,115.4,,8,10,given_level,1,0,completed,
2026-09-11,android,SM-,25.2,2,14,5.4,52.3,25,,,tracked_seconds_under_45,1,1,completed,
2026-09-11,ios,,80.0,,,,,,,,no_usable_rallies,1,0,completed,
2026-09-11,ios,,120.7,10,186,18.7,154.1,,6,8,given_level,1,0,completed,
2026-09-11,android,RMX,123.7,10,76,17.5,132.9,,7,9,given_level,1,1,completed,
2026-09-11,ios,,13.9,2,33,9.7,33.2,14,,,tracked_seconds_under_45,1,0,completed,
2026-09-11,android,SM-,38.0,7,12,9.1,47.6,38,,,tracked_seconds_under_45,1,1,completed,
2026-09-11,ios,,50.7,9,42,10.5,33.1,,5,7,given_level,1,0,completed,
2026-09-11,ios,,414.6,,,,,,,,no_report_produced,0,0,failed,PICK_ABANDONED
2026-09-11,ios,,145.6,10,153,20.0,127.9,,6,8,given_level,1,0,completed,
2026-09-11,android,SM-,4.3,1,8,5.2,2.7,4,,,tracked_seconds_under_45,1,0,completed,
2026-09-11,ios,,15.6,1,22,16.4,13.2,16,,,tracked_seconds_under_45,1,0,completed,
2026-09-11,ios,,9.6,3,6,5.3,4.4,10,,,other,1,0,completed,
2026-09-11,ios,,60.0,5,59,12.6,59.7,,6,8,given_level,1,0,completed,
2026-09-11,ios,,83.9,10,83,18.5,97.0,,7,9,given_level,1,0,completed,
2026-09-11,ios,,293.1,,,,303.4,,,,no_usable_rallies,1,0,completed,
2026-09-11,android,SM-,324.8,,,,,,,,no_report_produced,0,0,failed,PICK_ABANDONED
2026-09-11,ios,,4.5,3,17,14.1,9.5,4,,,tracked_seconds_under_45,1,0,completed,
2026-09-11,android,V25,23.7,6,17,9.5,26.0,24,,,tracked_seconds_under_45,1,1,completed,
2026-09-11,ios,,15.7,3,4,5.4,31.2,16,,,tracked_seconds_under_45,1,0,completed,
2026-09-11,ios,,86.3,10,78,12.0,96.3,,10,12,given_level,1,0,completed,
2026-09-11,ios,,286.8,,,,,,,,no_report_produced,0,0,failed,PICK_ABANDONED
2026-09-11,ios,,51.9,10,50,16.1,43.2,,7,9,given_level,1,0,completed,
2026-09-11,android,V25,20.1,10,55,15.6,27.4,20,,,tracked_seconds_under_45,1,1,completed,
2026-09-11,android,ALI,7.9,,,,,,,,no_usable_rallies,1,0,completed,
2026-09-11,android,SM-,63.5,10,89,13.6,93.7,,,,camera_shake,1,0,completed,
2026-09-11,ios,,50.7,10,36,10.4,30.6,,5,7,given_level,1,0,completed,
2026-09-11,android,SM-,52.1,10,49,13.3,48.6,,7,9,given_level,1,0,completed,
2026-09-11,android,SM-,121.8,10,96,13.6,123.6,,6,8,given_level,1,1,completed,
2026-09-11,ios,,110.8,10,147,14.4,65.8,,4,6,given_level,1,0,completed,
2026-09-11,ios,,104.1,10,103,17.5,98.7,,6,8,given_level,1,0,completed,
2026-09-11,android,231,48.1,6,63,13.7,43.3,,,,camera_shake,1,1,completed,
2026-09-11,ios,,2.1,,,,,,,,no_usable_rallies,1,0,completed,
2026-09-11,ios,,4.8,1,2,5.7,4.8,5,,,tracked_seconds_under_45,1,0,completed,
2026-09-11,ios,,55.2,7,47,12.1,44.9,,6,8,given_level,1,0,completed,
2026-09-11,ios,,119.1,10,94,14.7,103.5,,6,8,given_level,1,0,completed,
2026-09-11,ios,,94.8,9,105,15.3,51.9,,5,7,given_level,1,0,completed,
2026-09-11,ios,,4.8,1,5,7.2,3.5,5,,,tracked_seconds_under_45,1,0,completed,
2026-09-11,ios,,190.3,10,382,18.5,178.6,,,,insufficient_other,1,0,completed,
2026-09-11,ios,,89.0,10,64,13.7,160.5,,8,10,given_level,1,0,completed,
2026-09-11,android,SM-,471.8,,,,,,,,no_report_produced,0,0,failed,PICK_ABANDONED
2026-09-11,ios,,15.6,4,9,7.2,17.1,16,,,tracked_seconds_under_45,1,0,completed,
2026-09-11,ios,,120.2,10,193,15.2,125.7,,6,8,given_level,1,0,completed,
2026-09-11,ios,,43.9,4,24,13.3,35.6,44,,,tracked_seconds_under_45,1,0,completed,
2026-09-11,ios,,8.8,2,18,9.3,6.0,9,,,tracked_seconds_under_45,1,0,completed,
2026-09-11,ios,,59.6,,,,11.1,,,,no_usable_rallies,1,0,completed,
2026-09-11,ios,,149.5,10,187,19.7,167.4,,6,8,given_level,1,0,completed,
2026-09-11,ios,,34.3,5,27,8.8,13.9,34,,,tracked_seconds_under_45,1,0,completed,
2026-09-11,ios,,31.7,4,15,12.7,34.0,32,,,tracked_seconds_under_45,1,0,completed,
2026-09-11,ios,,7.4,,,,,,,,no_usable_rallies,1,0,completed,
2026-09-11,ios,,8.5,4,10,7.1,8.0,8,,,tracked_seconds_under_45,1,0,completed,
2026-09-11,ios,,15.0,1,32,16.9,28.4,15,,,tracked_seconds_under_45,1,0,completed,
2026-09-11,ios,,49.5,10,52,11.1,46.0,,6,8,given_level,1,0,completed,
2026-09-11,ios,,17.1,1,18,19.1,29.3,17,,,tracked_seconds_under_45,1,0,completed,
2026-09-11,android,SM-,0.7,1,2,6.6,2.3,1,,,tracked_seconds_under_45,1,0,completed,
2026-09-11,ios,,139.1,10,162,19.7,148.2,,6,8,given_level,1,0,completed,
2026-09-11,android,SM-,51.3,10,13,7.1,72.8,,8,10,given_level,1,0,completed,
2026-09-11,ios,,112.0,10,86,19.5,131.2,,9,11,given_level,1,0,completed,
2026-09-11,android,V25,15.6,3,12,9.6,22.1,16,,,tracked_seconds_under_45,1,1,completed,
2026-09-11,ios,,407.1,,,,,,,,no_report_produced,0,0,failed,PICK_ABANDONED
2026-09-11,ios,,14.5,,,,,,,,no_report_produced,0,0,failed,PICK_ABANDONED
2026-09-11,android,260,30.9,9,29,9.1,23.7,31,,,tracked_seconds_under_45,1,1,completed,
2026-09-11,ios,,101.8,10,158,19.3,116.4,,6,8,given_level,1,0,completed,
2026-09-11,ios,,209.6,,,6.5,80.4,,,,no_usable_rallies,1,0,completed,
2026-09-11,android,Pix,138.6,10,179,15.5,132.5,,7,9,given_level,1,1,completed,
2026-09-11,ios,,6.7,1,9,11.3,4.3,7,,,tracked_seconds_under_45,1,0,completed,
2026-09-11,ios,,9.5,2,5,7.9,11.2,10,,,tracked_seconds_under_45,1,0,completed,
2026-09-11,android,231,115.5,10,123,16.5,187.3,,,,camera_shake,1,1,completed,
2026-09-11,ios,,101.6,10,77,15.1,126.3,,8,10,given_level,1,0,completed,
2026-09-11,ios,,55.8,9,39,12.9,60.4,,6,8,given_level,1,0,completed,
2026-09-11,android,SM-,89.2,10,67,12.4,80.3,,7,9,given_level,1,1,completed,
2026-09-11,ios,,76.8,10,57,19.5,77.6,,5,7,given_level,1,0,completed,
2026-09-11,ios,,149.6,10,187,19.7,168.0,,6,8,given_level,1,0,completed,
2026-09-11,android,SM-,66.5,10,49,13.3,71.1,,7,9,given_level,1,0,completed,
2026-09-11,ios,,75.4,,,,,,,,no_usable_rallies,1,0,completed,
2026-09-11,ios,,77.2,10,72,13.2,64.1,,5,7,given_level,1,0,completed,
2026-09-11,ios,,109.2,10,119,16.8,103.7,,6,8,given_level,1,0,completed,
2026-09-11,android,211,88.1,10,132,19.4,79.3,,6,8,given_level,1,1,completed,
2026-09-11,android,M21,28.5,10,94,20.0,58.0,28,,,tracked_seconds_under_45,1,1,completed,
2026-09-11,ios,,69.2,9,78,15.1,39.2,,5,7,given_level,1,0,completed,
2026-09-11,ios,,5.8,1,1,6.5,6.6,6,,,tracked_seconds_under_45,1,0,completed,
2026-09-11,ios,,167.7,10,210,19.7,154.5,,6,8,given_level,1,0,completed,
2026-09-11,ios,,42.5,7,95,17.1,33.2,42,,,tracked_seconds_under_45,1,0,completed,
2026-09-11,android,SM-,16.9,5,17,6.4,15.8,17,,,tracked_seconds_under_45,1,0,completed,
2026-09-11,ios,,57.0,8,27,9.3,47.9,,8,10,given_level,1,0,completed,
2026-09-11,android,SM-,4.4,1,7,6.7,7.2,4,,,tracked_seconds_under_45,1,0,completed,
2026-09-11,ios,,56.3,10,31,7.9,62.7,,6,8,given_level,1,0,completed,
2026-09-11,android,Pix,73.9,10,109,16.2,86.3,,6,8,given_level,1,1,completed,
2026-09-11,ios,,36.0,5,26,14.1,64.2,36,,,tracked_seconds_under_45,1,0,completed,
2026-09-11,android,mot,20.1,4,22,11.9,14.0,20,,,tracked_seconds_under_45,1,1,completed,
2026-09-11,ios,,136.1,10,107,16.3,129.3,,5,7,given_level,1,0,completed,
2026-09-11,android,SM-,,,,,,,,,no_usable_rallies,1,0,completed,
2026-09-11,ios,,84.9,10,38,9.8,45.2,,4,6,given_level,1,0,completed,
2026-09-11,ios,,5.9,1,6,8.5,3.8,6,,,tracked_seconds_under_45,1,0,completed,
2026-09-11,ios,,36.8,9,46,7.1,14.6,37,,,other,1,0,completed,
2026-09-11,ios,,104.0,10,85,19.5,132.0,,9,11,given_level,1,0,completed,
2026-09-11,ios,,4.8,1,2,5.7,4.6,5,,,tracked_seconds_under_45,1,0,completed,
2026-09-11,ios,,470.7,,,,,,,,no_report_produced,0,0,failed,PICK_ABANDONED
2026-09-11,ios,,95.4,,,,,,,,no_report_produced,0,0,failed,PICK_ABANDONED
2026-09-11,android,231,40.6,8,49,13.2,34.3,41,,,tracked_seconds_under_45,1,1,completed,
2026-09-11,android,XQ-,30.7,7,23,7.2,63.9,31,,,tracked_seconds_under_45,1,0,completed,
2026-09-11,ios,,90.4,10,50,11.5,133.7,,8,10,given_level,1,0,completed,
2026-09-11,ios,,20.3,,,,,,,,no_usable_rallies,1,0,completed,
2026-09-11,ios,,8.9,3,5,6.3,7.9,9,,,tracked_seconds_under_45,1,0,completed,
2026-09-11,ios,,53.2,9,42,9.1,49.0,,,,camera_shake,1,0,completed,
2026-09-11,android,SM-,87.7,10,140,13.1,68.5,,5,7,given_level,1,1,completed,
2026-09-11,ios,,47.3,3,94,11.9,56.9,,,,insufficient_other,1,0,completed,
2026-09-11,ios,,7.6,1,18,12.3,10.7,8,,,tracked_seconds_under_45,1,0,completed,
2026-09-11,ios,,23.8,,,,,,,,no_report_produced,0,0,failed,PICK_ABANDONED
2026-09-11,ios,,81.6,10,63,17.7,73.3,,6,8,given_level,1,0,completed,
2026-09-11,android,XQ-,74.0,10,60,16.3,55.1,,5,7,given_level,1,0,completed,
2026-09-11,ios,,21.3,6,12,7.6,17.8,21,,,tracked_seconds_under_45,1,0,completed,
2026-09-11,ios,,12.3,1,9,12.6,2.0,12,,,tracked_seconds_under_45,1,0,completed,
2026-09-11,ios,,100.2,10,86,14.3,123.9,,9,11,given_level,1,0,completed,
2026-09-11,ios,,13.6,2,3,7.6,19.0,14,,,tracked_seconds_under_45,1,0,completed,
2026-09-11,ios,,88.1,10,143,19.8,70.7,,6,8,given_level,1,0,completed,
2026-09-11,android,SM-,144.0,10,192,19.4,179.4,,7,9,given_level,1,1,completed,
2026-09-11,ios,,109.7,10,207,17.1,136.1,,9,11,given_level,1,0,completed,
2026-09-11,android,SM-,138.0,10,143,17.2,166.3,,10,12,given_level,1,1,completed,
2026-09-11,ios,,186.6,10,258,15.8,141.7,,,,insufficient_other,1,0,completed,
2026-09-11,ios,,85.1,10,183,14.3,130.8,,9,11,given_level,1,0,completed,
2026-09-11,android,SM-,6.8,4,17,9.9,5.4,7,,,tracked_seconds_under_45,1,0,completed,
2026-09-11,ios,,39.8,10,54,13.7,51.6,40,,,tracked_seconds_under_45,1,0,completed,
2026-09-11,ios,,62.7,9,110,16.7,26.3,,5,7,given_level,1,0,completed,
2026-09-11,ios,,64.0,10,126,18.1,64.9,,,,camera_shake,1,0,completed,
2026-09-11,android,SM-,60.4,10,84,10.3,76.9,,7,9,given_level,1,0,completed,
2026-09-11,ios,,18.4,1,6,19.1,23.7,18,,,tracked_seconds_under_45,1,0,completed,
2026-09-11,android,SM-,60.3,10,40,9.6,64.1,,6,8,given_level,1,0,completed,
2026-09-11,ios,,40.2,,,,,,,,no_report_produced,0,0,failed,PICK_ABANDONED
2026-09-11,ios,,61.4,10,38,11.5,64.3,,6,8,given_level,1,0,completed,
2026-09-11,ios,,108.0,10,138,16.7,146.3,,7,9,given_level,1,0,completed,
2026-09-11,ios,,53.2,9,30,15.8,63.9,,6,8,given_level,1,0,completed,
2026-09-11,android,SM-,63.9,10,46,16.5,64.3,,8,10,given_level,1,0,completed,
2026-09-11,ios,,85.1,10,75,14.7,120.4,,8,10,given_level,1,0,completed,
2026-09-11,android,251,16.4,1,9,10.9,14.5,16,,,tracked_seconds_under_45,1,0,completed,
2026-09-11,ios,,77.3,10,94,15.1,63.7,,5,7,given_level,1,0,completed,
2026-09-11,android,SM-,96.2,9,79,15.0,111.1,,7,9,given_level,1,0,completed,
2026-09-11,android,SM-,15.9,8,20,6.8,18.7,16,,,tracked_seconds_under_45,1,0,completed,
2026-09-11,ios,,80.0,,,,,,,,no_usable_rallies,1,0,completed,
2026-09-11,android,HTC,8.7,1,3,8.8,6.5,9,,,tracked_seconds_under_45,1,1,completed,
2026-09-11,android,240,96.8,10,134,18.2,115.7,,8,10,given_level,1,1,completed,
2026-09-11,ios,,72.3,9,60,16.2,60.6,,7,9,given_level,1,0,completed,
2026-09-11,ios,,406.2,,,,,,,,no_report_produced,0,0,failed,PICK_ABANDONED
2026-09-11,ios,,29.0,6,18,9.7,26.1,29,,,tracked_seconds_under_45,1,0,completed,
2026-09-11,ios,,94.4,10,70,12.9,150.2,,,,insufficient_other,1,0,completed,
2026-09-11,ios,,33.7,4,25,18.0,44.0,34,,,tracked_seconds_under_45,1,0,completed,
2026-09-11,android,XQ-,43.6,10,66,12.5,71.6,44,,,tracked_seconds_under_45,1,1,completed,
2026-09-11,ios,,59.9,13,52,7.0,53.1,,6,8,given_level,1,0,completed,
2026-09-11,ios,,18.7,1,28,,17.8,19,,,tracked_seconds_under_45,1,0,completed,
2026-09-11,ios,,66.0,10,45,18.9,105.5,,8,10,given_level,1,0,completed,
2026-09-11,ios,,12.2,1,4,12.3,14.8,12,,,tracked_seconds_under_45,1,0,completed,
2026-09-11,ios,,16.4,2,29,8.8,18.0,16,,,tracked_seconds_under_45,1,0,completed,
2026-09-11,ios,,68.0,9,65,10.9,52.5,,5,7,given_level,1,0,completed,
2026-09-11,ios,,96.7,10,87,13.5,90.5,,5,7,given_level,1,0,completed,
2026-09-11,android,Pix,560.1,,,,,,,,no_report_produced,0,1,failed,PICK_ABANDONED
2026-09-11,ios,,84.3,10,36,11.3,71.5,,6,8,given_level,1,0,completed,
2026-09-11,android,V22,82.7,10,68,14.1,98.3,,7,9,given_level,1,1,completed,
2026-09-11,ios,,78.8,10,47,12.6,98.5,,7,9,given_level,1,0,completed,
2026-09-11,android,240,141.8,10,177,13.0,138.9,,,,insufficient_other,1,1,completed,
2026-09-11,ios,,95.0,10,94,18.7,124.4,,8,10,given_level,1,0,completed,
2026-09-11,ios,,159.0,10,213,19.7,170.3,,6,8,given_level,1,0,completed,
2026-09-11,ios,,35.8,8,103,10.9,35.5,36,,,tracked_seconds_under_45,1,0,completed,
2026-09-11,ios,,106.4,10,81,15.6,141.5,,7,9,given_level,1,0,completed,
2026-09-11,ios,,130.9,10,159,18.3,133.2,,6,8,given_level,1,0,completed,
2026-09-11,ios,,20.3,,,,,,,,no_report_produced,0,0,failed,PICK_ABANDONED
2026-09-11,ios,,102.7,10,112,17.2,184.6,,,,insufficient_other,1,0,completed,
2026-09-11,android,SM-,50.8,10,23,16.0,30.6,,,,camera_shake,1,1,completed,
2026-09-12,ios,,194.4,10,364,19.8,187.6,,6,8,given_level,1,0,completed,
2026-09-12,ios,,42.9,8,13,6.1,33.4,43,,,other,1,0,completed,
2026-09-12,android,V22,58.4,10,31,11.6,40.0,,5,7,given_level,1,1,completed,
2026-09-12,ios,,44.9,9,56,11.9,39.4,45,,,tracked_seconds_under_45,1,0,completed,
2026-09-12,ios,,102.3,10,208,14.9,126.8,,8,10,given_level,1,0,completed,
2026-09-12,android,250,33.3,10,28,10.1,56.7,33,,,tracked_seconds_under_45,1,0,completed,
2026-09-12,android,250,5.8,1,2,5.9,3.8,6,,,tracked_seconds_under_45,1,0,completed,
2026-09-12,android,SM-,123.1,9,186,17.4,127.9,,8,10,given_level,1,0,completed,
2026-09-12,android,RMX,58.2,1,3,5.7,,0,,,tracked_seconds_under_45,1,1,completed,
2026-09-12,android,VKP,10.7,4,9,7.6,17.7,11,,,tracked_seconds_under_45,1,0,completed,
2026-09-12,ios,,140.1,,,,,,,,no_report_produced,0,0,failed,PICK_ABANDONED
2026-09-12,android,231,61.8,10,63,13.2,89.5,,8,10,given_level,1,0,completed,
2026-09-12,android,SM-,64.8,9,47,12.3,50.2,,4,6,given_level,1,1,completed,
2026-09-12,android,251,102.1,10,105,18.5,56.4,,4,6,given_level,1,1,completed,
2026-09-12,ios,,75.6,10,27,9.8,68.2,,6,8,given_level,1,0,completed,
2026-09-12,android,260,137.3,10,134,16.5,127.9,,,,insufficient_other,1,1,completed,
2026-09-12,android,241,67.2,9,59,11.7,42.1,,5,7,given_level,1,0,completed,
2026-09-12,ios,,240.0,,,,,,,,no_report_produced,0,0,failed,PICK_ABANDONED
2026-09-12,ios,,58.6,10,33,8.8,52.7,,5,7,given_level,1,0,completed,
2026-09-12,ios,,35.0,3,35,18.1,32.9,35,,,tracked_seconds_under_45,1,0,completed,
2026-09-12,android,SM-,76.2,10,39,13.3,56.8,,6,8,given_level,1,0,completed,
2026-09-12,ios,,40.8,10,80,13.7,46.0,41,,,tracked_seconds_under_45,1,0,completed,
2026-09-12,ios,,36.3,5,44,10.6,47.3,36,,,tracked_seconds_under_45,1,0,completed,
2026-09-12,android,SM-,125.4,10,97,17.0,142.2,,6,8,given_level,1,1,completed,
2026-09-12,ios,,31.3,,,5.4,7.5,,,,no_usable_rallies,1,0,completed,
2026-09-12,android,SM-,111.3,10,110,16.5,74.1,,5,7,given_level,1,0,completed,
2026-09-12,android,SM-,62.2,,,,,,,,no_report_produced,0,0,failed,PICK_ABANDONED
2026-09-12,ios,,78.0,10,55,12.6,93.0,,7,9,given_level,1,0,completed,
2026-09-12,ios,,63.8,10,64,11.2,38.9,,,,camera_shake,1,0,completed,
2026-09-12,ios,,45.6,9,74,18.3,34.8,,5,7,given_level,1,0,completed,
2026-09-12,ios,,82.2,10,62,17.3,73.9,,5,7,given_level,1,0,completed,
2026-09-12,android,SM-,514.0,,,,,,,,no_report_produced,0,1,failed,PICK_ABANDONED
2026-09-12,ios,,91.2,10,229,19.8,49.3,,5,7,given_level,1,0,completed,
2026-09-12,android,241,16.0,4,22,9.5,9.6,16,,,tracked_seconds_under_45,1,0,completed,
2026-09-12,android,SM-,5.3,2,5,5.6,2.2,5,,,tracked_seconds_under_45,1,0,completed,
2026-09-12,android,SM-,111.3,10,90,16.4,70.4,,6,8,given_level,1,1,completed,
2026-09-12,ios,,30.0,6,18,6.7,40.7,30,,,other,1,0,completed,
2026-09-12,android,250,81.1,8,115,18.6,73.9,,6,8,given_level,1,0,completed,
2026-09-12,android,SM-,238.8,,,,,,,,no_usable_rallies,1,1,completed,
2026-09-12,ios,,77.4,10,119,18.1,53.9,,6,8,given_level,1,0,completed,
2026-09-12,android,RMX,28.4,,,,,,,,no_usable_rallies,1,1,completed,
2026-09-12,android,SM-,4.7,2,5,5.6,2.7,5,,,tracked_seconds_under_45,1,0,completed,
2026-09-12,android,SM-,5.7,1,2,6.1,8.1,6,,,tracked_seconds_under_45,1,0,completed,
2026-09-12,ios,,124.0,10,111,16.9,137.2,,6,8,given_level,1,0,completed,
2026-09-12,ios,,86.3,10,77,12.7,105.6,,7,9,given_level,1,0,completed,
2026-09-12,android,SM-,41.8,5,35,15.8,37.2,42,,,tracked_seconds_under_45,1,0,completed,
2026-09-12,ios,,15.3,,,,,,,,no_report_produced,0,0,failed,PICK_ABANDONED
2026-09-12,android,V22,28.1,10,34,13.2,12.5,28,,,tracked_seconds_under_45,1,1,completed,
2026-09-12,ios,,77.5,10,67,15.1,82.1,,6,8,given_level,1,0,completed,
2026-09-12,ios,,23.3,6,35,13.3,19.1,23,,,tracked_seconds_under_45,1,0,completed,
2026-09-12,ios,,110.1,10,111,19.7,133.1,,7,9,given_level,1,0,completed,
2026-09-12,ios,,300.0,,,,,,,,no_report_produced,0,0,failed,PICK_ABANDONED
2026-09-12,ios,,19.1,5,17,7.6,19.7,19,,,tracked_seconds_under_45,1,0,completed,
2026-09-12,android,240,57.6,10,55,14.1,40.5,,5,7,given_level,1,1,completed,
2026-09-12,ios,,89.5,10,121,15.7,48.9,,4,6,given_level,1,0,completed,
2026-09-12,ios,,49.6,10,34,10.5,59.9,,6,8,given_level,1,0,completed,
2026-09-12,ios,,82.7,8,185,16.0,70.6,,7,9,given_level,1,0,completed,
2026-09-12,ios,,39.1,10,28,8.9,39.2,39,,,tracked_seconds_under_45,1,0,completed,
2026-09-12,ios,,29.7,6,66,14.7,45.7,30,,,tracked_seconds_under_45,1,0,completed,
2026-09-12,android,Pix,94.3,10,64,14.3,92.9,,4,6,given_level,1,1,completed,
2026-09-12,ios,,61.8,9,97,13.7,23.2,,8,10,given_level,1,0,completed,
2026-09-12,ios,,404.6,10,84,12.3,,0,,,tracked_seconds_under_45,1,0,completed,
2026-09-12,ios,,86.4,10,67,10.8,93.8,,7,9,given_level,1,0,completed,
2026-09-12,android,SM-,97.2,9,82,17.1,143.4,,7,9,given_level,1,1,completed,
2026-09-12,android,SM-,48.6,11,49,7.2,36.4,,5,7,given_level,1,1,completed,
2026-09-12,android,SM-,9.9,2,6,14.3,17.9,10,,,tracked_seconds_under_45,1,0,completed,
2026-09-12,android,250,15.9,2,31,7.1,25.7,16,,,tracked_seconds_under_45,1,0,completed,
2026-09-12,android,250,58.9,10,95,18.9,87.2,,7,9,given_level,1,0,completed,
2026-09-12,android,SM-,124.1,10,81,13.0,160.3,,6,8,given_level,1,1,completed,
2026-09-12,android,241,239.0,10,73,12.3,,,,,identity_no_anchor,1,0,completed,
2026-09-12,android,SM-,2.5,1,4,8.9,3.3,2,,,tracked_seconds_under_45,1,0,completed,
2026-09-12,ios,,63.9,10,86,10.6,37.5,,5,7,given_level,1,0,completed,
2026-09-12,ios,,117.7,9,97,18.3,75.5,,5,7,given_level,1,0,completed,
2026-09-12,android,250,5.8,1,2,5.9,8.2,6,,,tracked_seconds_under_45,1,0,completed,
2026-09-12,ios,,49.4,10,80,17.5,48.9,,7,9,given_level,1,0,completed,
2026-09-12,ios,,20.6,2,13,11.1,30.5,21,,,tracked_seconds_under_45,1,0,completed,
2026-09-12,ios,,129.6,10,208,16.5,140.1,,6,8,given_level,1,0,completed,
2026-09-12,ios,,116.7,10,144,14.3,106.9,,6,8,given_level,1,0,completed,
2026-09-12,android,SM-,179.9,,,,,,,,no_usable_rallies,1,1,completed,
2026-09-12,ios,,84.6,10,67,15.1,101.2,,9,11,given_level,1,0,completed,
2026-09-12,android,241,79.3,10,84,17.1,49.2,,5,7,given_level,1,0,completed,
2026-09-12,android,SM-,71.3,10,38,18.1,79.0,,7,9,given_level,1,0,completed,
2026-09-12,ios,,58.7,10,54,12.6,94.3,,8,10,given_level,1,0,completed,
2026-09-12,ios,,58.7,10,41,8.4,73.0,59,,,other,1,0,completed,
2026-09-12,android,SM-,95.5,10,102,16.6,70.4,,4,6,given_level,1,0,completed,
2026-09-12,android,251,97.6,10,114,19.3,104.0,,6,8,given_level,1,0,completed,
2026-09-12,ios,,96.2,8,100,16.9,108.0,,9,11,given_level,1,0,completed,
2026-09-12,android,250,69.6,8,109,18.4,80.8,,6,8,given_level,1,0,completed,
2026-09-12,android,SM-,50.0,10,31,9.5,47.1,,5,7,given_level,1,0,completed,
2026-09-12,ios,,42.3,8,33,9.1,69.4,42,,,tracked_seconds_under_45,1,0,completed,
2026-09-12,android,SM-,24.9,4,10,7.6,19.6,25,,,tracked_seconds_under_45,1,1,completed,
2026-09-12,ios,,47.3,9,57,11.5,36.8,,6,8,given_level,1,0,completed,
2026-09-12,android,SM-,239.7,,,,,,,,no_report_produced,0,1,failed,PICK_ABANDONED
2026-09-12,android,SM-,19.9,3,8,7.5,15.5,20,,,tracked_seconds_under_45,1,0,completed,
2026-09-12,android,SM-,184.2,10,544,19.2,218.1,,6,8,given_level,1,1,completed,
2026-09-12,android,SM-,2.3,1,2,6.9,7.4,2,,,tracked_seconds_under_45,1,0,completed,
2026-09-12,ios,,74.5,9,68,10.8,84.9,,6,8,given_level,1,0,completed,
2026-09-12,android,SM-,179.9,,,,,,,,no_usable_rallies,1,1,completed,
2026-09-12,ios,,93.5,10,219,16.0,97.7,,7,9,given_level,1,0,completed,
2026-09-12,ios,,55.9,9,23,7.0,43.0,,5,7,given_level,1,0,completed,
2026-09-12,ios,,118.8,10,77,19.7,135.6,,7,9,given_level,1,0,completed,
2026-09-12,android,250,48.4,10,94,13.4,61.8,,6,8,given_level,1,0,completed,
2026-09-12,android,SM-,8.0,1,4,8.1,6.2,8,,,tracked_seconds_under_45,1,0,completed,
2026-09-12,ios,,3.7,1,4,7.1,2.6,4,,,tracked_seconds_under_45,1,0,completed,
2026-09-12,android,SM-,83.1,8,72,17.1,119.3,,7,9,given_level,1,1,completed,
2026-09-12,android,RMX,6.0,1,1,6.0,5.5,6,,,tracked_seconds_under_45,1,1,completed,
2026-09-12,ios,,53.4,8,60,14.7,30.0,,,,camera_shake,1,0,completed,
2026-09-12,android,SM-,29.2,9,26,7.6,23.9,29,,,tracked_seconds_under_45,1,0,completed,
2026-09-12,ios,,78.0,10,148,16.9,50.1,,5,7,given_level,1,0,completed,
2026-09-12,ios,,23.9,2,34,16.8,20.5,24,,,tracked_seconds_under_45,1,0,completed,
2026-09-12,ios,,101.9,10,71,10.3,108.5,,6,8,given_level,1,0,completed,
2026-09-12,android,SM-,388.5,,,,,,,,no_report_produced,0,0,failed,PICK_ABANDONED
2026-09-12,ios,,28.9,6,32,10.0,31.7,29,,,tracked_seconds_under_45,1,0,completed,
2026-09-12,ios,,44.0,,,10.1,48.6,,,,no_usable_rallies,1,0,completed,
2026-09-12,android,SM-,66.3,10,49,16.2,49.7,,6,8,given_level,1,1,completed,
2026-09-12,android,251,125.5,10,93,18.5,90.2,,5,7,given_level,1,1,completed,
2026-09-12,ios,,15.3,,,,,,,,no_report_produced,0,0,failed,PICK_ABANDONED
2026-09-12,android,SM-,151.5,9,456,19.6,194.0,,7,9,given_level,1,1,completed,
2026-09-12,android,V22,66.3,10,33,12.7,42.0,,5,7,given_level,1,1,completed,
2026-09-12,android,250,105.1,,,,,,,,no_usable_rallies,1,1,completed,
2026-09-12,ios,,60.6,9,60,9.5,51.6,,,,camera_shake,1,0,completed,
2026-09-12,ios,,55.5,10,88,9.7,41.3,,6,8,given_level,1,0,completed,
2026-09-12,ios,,72.7,10,110,11.6,38.1,,5,7,given_level,1,0,completed,
2026-09-13,android,SM-,104.6,10,147,15.9,65.3,,5,7,given_level,1,1,failed,VIDEO_TOO_LARGE
2026-09-13,ios,,10.3,5,13,6.8,11.9,10,,,other,1,0,completed,
2026-09-13,android,Pix,11.7,1,10,10.9,17.7,12,,,tracked_seconds_under_45,1,0,completed,
2026-09-13,android,260,22.4,5,10,7.9,16.0,22,,,tracked_seconds_under_45,1,1,completed,
2026-09-13,android,SM-,12.3,2,2,5.6,12.3,12,,,tracked_seconds_under_45,1,0,completed,
2026-09-13,ios,,51.1,8,23,9.6,30.6,,4,6,given_level,1,0,completed,
2026-09-13,android,Pix,38.5,9,106,13.3,41.9,38,,,tracked_seconds_under_45,1,1,completed,
2026-09-13,android,SM-,487.4,,,,,,,,no_report_produced,0,1,failed,PICK_ABANDONED
2026-09-13,ios,,85.3,10,69,10.3,103.6,,7,9,given_level,1,0,completed,
2026-09-13,ios,,11.3,2,15,9.9,9.3,11,,,tracked_seconds_under_45,1,0,completed,
2026-09-13,android,XQ-,140.9,10,181,19.8,163.0,,6,8,given_level,1,0,completed,
2026-09-13,ios,,45.2,9,117,14.4,27.5,,,,camera_shake,1,0,completed,
2026-09-13,android,Pix,37.6,8,40,9.4,28.5,38,,,tracked_seconds_under_45,1,1,completed,
2026-09-13,android,SM-,32.8,7,22,8.9,32.1,33,,,tracked_seconds_under_45,1,0,completed,
2026-09-13,android,XQ-,606.2,,,,,,,,no_report_produced,0,1,failed,PICK_ABANDONED
2026-09-13,ios,,100.2,10,113,19.3,96.8,,5,7,given_level,1,0,completed,
2026-09-13,ios,,69.2,10,58,13.4,125.6,,9,11,given_level,1,0,completed,
2026-09-13,android,240,19.1,3,9,8.7,21.1,19,,,tracked_seconds_under_45,1,1,completed,
2026-09-13,ios,,59.0,10,142,12.9,47.5,,6,8,given_level,1,0,completed,
2026-09-13,ios,,60.6,10,90,10.0,63.9,,8,10,given_level,1,0,completed,
2026-09-13,android,SM-,13.9,1,7,12.6,17.3,14,,,tracked_seconds_under_45,1,0,completed,
2026-09-13,ios,,99.1,10,80,13.3,57.5,,5,7,given_level,1,0,completed,
2026-09-13,ios,,108.2,10,82,14.8,99.6,,5,7,given_level,1,0,completed,
2026-09-13,android,V25,88.9,10,101,17.7,45.3,,4,6,given_level,1,1,completed,
2026-09-13,ios,,71.4,10,48,18.4,63.6,,7,9,given_level,1,0,completed,
2026-09-13,ios,,99.3,10,208,19.1,80.0,,5,7,given_level,1,0,completed,
2026-09-13,android,SM-,75.3,9,107,19.0,80.1,,,,camera_shake,1,1,completed,
2026-09-13,ios,,17.5,1,33,,1.4,18,,,tracked_seconds_under_45,1,0,completed,
2026-09-13,android,XQ-,56.5,10,118,15.9,32.0,,6,8,given_level,1,1,completed,
2026-09-13,ios,,57.1,7,33,9.6,49.9,,11,13,given_level,1,0,completed,
2026-09-13,android,SM-,122.3,10,85,13.8,149.0,,7,9,given_level,1,1,completed,
2026-09-13,ios,,10.3,2,4,8.4,16.1,10,,,tracked_seconds_under_45,1,0,completed,
2026-09-13,ios,,516.4,,,,,,,,no_report_produced,0,0,failed,PICK_ABANDONED
2026-09-13,ios,,125.3,10,177,15.6,77.3,,4,6,given_level,1,0,completed,
2026-09-13,android,SM-,85.1,9,149,19.1,88.2,,6,8,given_level,1,1,completed,
2026-09-13,ios,,45.5,10,36,9.1,69.2,,6,8,given_level,1,0,completed,
2026-09-13,android,Pix,104.6,10,126,13.5,77.9,,6,8,given_level,1,1,completed,
2026-09-13,ios,,555.8,,,,,,,,no_report_produced,0,0,failed,PICK_ABANDONED
2026-09-13,ios,,184.0,10,417,18.1,141.0,,6,8,given_level,1,0,completed,
2026-09-13,android,SM-,89.3,10,26,11.9,38.9,,5,7,given_level,1,0,completed,
2026-09-13,ios,,592.6,2,33,17.6,,0,,,tracked_seconds_under_45,1,0,completed,
2026-09-13,android,SM-,344.9,10,69,15.2,,,,,identity_no_anchor,1,1,completed,
2026-09-13,android,SM-,58.5,10,44,14.1,60.9,,,,camera_shake,1,1,completed,
2026-09-13,ios,,39.1,9,33,10.9,34.5,39,,,tracked_seconds_under_45,1,0,completed,
2026-09-13,ios,,65.3,10,88,10.1,55.5,,6,8,given_level,1,0,completed,
2026-09-13,ios,,96.3,10,94,12.1,80.3,,6,8,given_level,1,0,completed,
2026-09-13,android,SM-,96.3,9,219,15.5,73.2,,6,8,given_level,1,1,completed,
2026-09-13,ios,,108.3,10,76,18.5,89.3,,4,6,given_level,1,0,completed,
2026-09-13,ios,,37.2,7,28,10.9,21.6,37,,,tracked_seconds_under_45,1,0,completed,
2026-09-13,ios,,2.5,,,16.0,3.1,,,,no_usable_rallies,1,0,completed,
2026-09-13,android,SM-,75.7,10,122,17.0,54.2,,4,6,given_level,1,1,completed,
2026-09-13,ios,,516.4,,,,,,,,no_report_produced,0,0,failed,PICK_ABANDONED
2026-09-13,ios,,87.5,10,184,13.8,89.9,,6,8,given_level,1,0,completed,
2026-09-13,ios,,10.8,,,,,,,,no_report_produced,0,0,failed,PICK_ABANDONED
2026-09-13,android,Pix,84.1,9,155,19.6,59.0,,6,8,given_level,1,1,completed,
2026-09-13,ios,,73.2,10,57,8.0,38.7,,6,8,given_level,1,0,completed,
2026-09-13,ios,,49.5,10,37,19.8,51.1,50,,,other,1,0,completed,
2026-09-13,ios,,95.8,10,77,14.0,142.1,,,,camera_shake,1,0,completed,
2026-09-13,ios,,92.6,9,138,16.4,65.5,,4,6,given_level,1,0,completed,
2026-09-13,android,SM-,95.1,10,145,15.0,145.8,,7,9,given_level,1,1,completed,
2026-09-13,android,SM-,109.5,10,196,13.9,59.9,,4,6,given_level,1,1,completed,
2026-09-13,android,SM-,64.4,3,6,9.1,,0,,,tracked_seconds_under_45,1,0,completed,
2026-09-13,ios,,283.0,,,,,,,,no_report_produced,0,0,failed,PICK_ABANDONED
2026-09-13,ios,,26.8,,,,,,,,no_report_produced,0,0,failed,PICK_ABANDONED
2026-09-13,ios,,113.2,10,346,16.5,132.3,,7,9,given_level,1,0,completed,
2026-09-13,android,SM-,137.5,10,144,17.0,105.2,,6,8,given_level,1,0,completed,
2026-09-13,android,SM-,100.9,10,88,16.3,125.8,,6,8,given_level,1,1,completed,
2026-09-13,ios,,100.3,10,110,18.5,78.6,,5,7,given_level,1,0,completed,
2026-09-13,ios,,26.8,6,38,7.3,21.9,27,,,tracked_seconds_under_45,1,0,completed,
2026-09-13,ios,,38.2,7,27,10.8,57.2,38,,,tracked_seconds_under_45,1,0,completed,
2026-09-13,ios,,75.1,9,65,18.8,51.9,,,,camera_shake,1,0,completed,
2026-09-13,android,V23,463.2,,,,,,,,no_report_produced,0,1,failed,PICK_ABANDONED
2026-09-13,ios,,19.3,,,,,,,,no_report_produced,0,0,failed,PICK_ABANDONED
2026-09-13,ios,,9.2,3,26,12.3,9.1,9,,,tracked_seconds_under_45,1,0,completed,
2026-09-13,android,SM-,71.5,10,95,12.1,34.2,,4,6,given_level,1,1,completed,
2026-09-13,ios,,102.7,10,163,14.7,73.1,,5,7,given_level,1,0,completed,
2026-09-13,ios,,20.6,8,31,8.8,16.3,21,,,tracked_seconds_under_45,1,0,completed,
2026-09-13,ios,,87.2,10,78,19.4,123.2,,7,9,given_level,1,0,completed,
2026-09-13,ios,,295.0,,,,,,,,no_report_produced,0,0,failed,PICK_ABANDONED
2026-09-13,ios,,88.8,10,134,14.5,90.0,,,,camera_shake,1,0,completed,
2026-09-13,ios,,47.9,8,42,13.4,34.8,,6,8,given_level,1,0,completed,
2026-09-13,android,XQ-,134.8,10,172,19.7,157.4,,6,8,given_level,1,0,completed,
2026-09-13,ios,,9.2,3,49,17.6,1.4,9,,,tracked_seconds_under_45,1,0,completed,
2026-09-13,ios,,118.5,10,143,15.1,69.7,,4,6,given_level,1,0,completed,
2026-09-13,ios,,76.0,10,101,14.5,67.9,,8,10,given_level,1,0,completed,
2026-09-13,ios,,11.5,2,12,5.9,14.8,12,,,tracked_seconds_under_45,1,0,completed,
2026-09-13,ios,,87.0,10,104,12.3,98.6,,7,9,given_level,1,0,completed,
2026-09-13,ios,,11.7,2,16,7.1,3.7,12,,,tracked_seconds_under_45,1,0,completed,
2026-09-13,android,Pix,81.5,7,77,13.7,61.3,,5,7,given_level,1,1,completed,
2026-09-13,android,XQ-,124.9,10,114,17.2,156.1,,,,insufficient_other,1,0,completed,
2026-09-13,ios,,54.4,8,64,12.8,48.4,,6,8,given_level,1,0,completed,
2026-09-13,ios,,10.7,1,19,16.6,16.3,11,,,tracked_seconds_under_45,1,0,completed,
2026-09-13,ios,,53.3,8,69,9.1,42.3,53,,,other,1,0,completed,
2026-09-13,ios,,23.9,2,34,16.7,19.7,24,,,tracked_seconds_under_45,1,0,completed,
2026-09-13,ios,,18.5,,,,,,,,no_usable_rallies,1,0,completed,
2026-09-13,android,SM-,35.1,9,39,8.7,30.9,35,,,tracked_seconds_under_45,1,1,completed,
2026-09-13,ios,,407.6,,,,,,,,no_report_produced,0,0,failed,PICK_ABANDONED
2026-09-13,ios,,0.7,1,8,11.7,1.7,1,,,tracked_seconds_under_45,1,0,completed,
2026-09-13,ios,,3.3,2,4,5.1,5.2,3,,,tracked_seconds_under_45,1,0,completed,
2026-09-13,ios,,35.7,4,56,18.8,33.3,36,,,tracked_seconds_under_45,1,0,completed,
2026-09-13,android,Pix,146.0,10,152,18.5,122.9,,6,8,given_level,1,1,completed,
2026-09-13,android,SM-,19.5,4,8,8.4,24.8,20,,,tracked_seconds_under_45,1,0,completed,
2026-09-13,android,SM-,131.6,10,278,13.8,68.7,,5,7,given_level,1,1,completed,
2026-09-13,ios,,76.6,10,35,18.8,75.3,,6,8,given_level,1,0,completed,
2026-09-13,android,Pix,82.8,7,78,15.7,45.7,,5,7,given_level,1,1,completed,
2026-09-13,ios,,442.0,10,114,10.8,,,,,identity_no_anchor,1,0,completed,
2026-09-13,ios,,69.0,10,29,10.7,99.4,,8,10,given_level,1,0,completed,
2026-09-13,android,SM-,91.1,10,62,10.6,86.7,,7,9,given_level,1,1,completed,
2026-09-13,ios,,77.2,10,52,15.6,82.1,,5,7,given_level,1,0,completed,
2026-09-13,ios,,0.8,1,2,8.4,1.9,1,,,tracked_seconds_under_45,1,0,completed,
2026-09-13,ios,,250.2,,,,,,,,no_report_produced,0,0,failed,PICK_ABANDONED
2026-09-13,ios,,550.9,,,,,,,,no_report_produced,0,0,failed,PICK_ABANDONED
2026-09-13,android,Pix,54.7,10,149,19.7,57.2,,7,9,given_level,1,1,completed,
2026-09-13,android,Pix,6.4,1,1,8.9,7.6,6,,,tracked_seconds_under_45,1,0,completed,
2026-09-13,ios,,77.7,10,83,13.7,123.5,,,,camera_shake,1,0,completed,
2026-09-13,android,Pix,127.5,10,150,19.1,98.6,,5,7,given_level,1,1,completed,
2026-09-13,ios,,351.0,7,32,15.6,,,,,identity_no_anchor,1,0,completed,
2026-09-13,ios,,5.9,2,4,5.1,8.7,6,,,tracked_seconds_under_45,1,0,completed,
2026-09-13,ios,,66.2,6,121,14.7,59.3,,5,7,given_level,1,0,completed,
2026-09-13,android,Pix,203.8,,,,,,,,no_report_produced,0,0,failed,PICK_ABANDONED
2026-09-14,android,SM-,410.5,,,,,,,,no_report_produced,0,1,failed,PICK_ABANDONED
2026-09-14,ios,,84.5,10,167,18.4,72.1,,7,9,given_level,1,0,completed,
2026-09-14,ios,,10.1,4,38,8.1,11.3,10,,,tracked_seconds_under_45,1,0,completed,
2026-09-14,android,SM-,280.6,,,,,,,,no_report_produced,0,0,failed,PICK_ABANDONED
2026-09-14,ios,,71.7,10,112,14.6,43.3,,6,8,given_level,1,0,completed,
2026-09-14,ios,,92.3,10,137,19.4,50.3,,4,6,given_level,1,0,completed,
2026-09-14,ios,,22.6,4,11,7.6,17.7,23,,,tracked_seconds_under_45,1,0,completed,
2026-09-14,ios,,62.0,10,111,12.4,49.5,,,,camera_shake,1,0,completed,
2026-09-14,ios,,1204.0,,,,,,,,no_report_produced,0,0,failed,PICK_ABANDONED
2026-09-14,ios,,94.3,10,77,14.2,102.1,,7,9,given_level,1,0,completed,
2026-09-14,android,SM-,120.8,10,117,17.1,70.4,,6,8,given_level,1,1,completed,
2026-09-14,ios,,84.1,10,142,13.3,84.7,,,,camera_shake,1,0,completed,
2026-09-14,ios,,94.0,10,150,16.5,69.1,,6,8,given_level,1,0,completed,
2026-09-14,android,SM-,73.4,10,184,16.9,84.0,,7,9,given_level,1,1,completed,
2026-09-14,ios,,68.2,10,84,15.5,87.8,,8,10,given_level,1,0,completed,
2026-09-14,ios,,95.3,,,,,,,,no_report_produced,0,0,failed,PICK_ABANDONED
2026-09-14,android,V22,84.5,10,63,14.7,81.5,,6,8,given_level,1,0,completed,
2026-09-14,android,SM-,260.6,,,,,,,,no_report_produced,0,1,failed,PICK_ABANDONED
2026-09-14,ios,,38.4,3,3,6.3,,,,,identity_no_anchor,1,0,completed,
2026-09-14,android,XQ-,57.7,10,29,7.4,27.2,,5,7,given_level,1,0,completed,
2026-09-14,ios,,14.5,2,20,18.0,13.2,14,,,tracked_seconds_under_45,1,0,completed,
2026-09-14,android,SM-,280.6,,,,,,,,no_report_produced,0,0,failed,PICK_ABANDONED
2026-09-14,ios,,63.9,9,75,16.5,80.5,,8,10,given_level,1,0,completed,
2026-09-14,android,SM-,260.6,,,,,,,,no_report_produced,0,1,failed,PICK_ABANDONED
2026-09-14,android,SM-,260.6,,,,,,,,no_report_produced,0,1,failed,PICK_ABANDONED
2026-09-14,android,CPH,443.0,,,,,,,,no_report_produced,0,1,failed,PICK_ABANDONED
2026-09-14,ios,,83.0,10,58,8.8,81.5,,6,8,given_level,1,0,completed,
2026-09-14,android,230,99.2,10,112,19.1,96.8,,5,7,given_level,1,1,completed,
2026-09-14,ios,,92.7,10,141,15.8,63.3,,5,7,given_level,1,0,completed,
2026-09-14,ios,,10.2,1,13,14.1,9.4,10,,,tracked_seconds_under_45,1,0,completed,
2026-09-14,android,SM-,260.6,,,,,,,,no_report_produced,0,1,failed,PICK_ABANDONED
2026-09-14,android,XQ-,52.2,10,36,8.8,64.4,,6,8,given_level,1,0,completed,
2026-09-14,ios,,92.7,10,106,18.9,61.1,,5,7,given_level,1,0,completed,
2026-09-14,ios,,9.1,2,9,8.0,18.9,9,,,tracked_seconds_under_45,1,0,completed,
2026-09-14,android,240,59.1,10,37,10.1,51.1,,4,6,given_level,1,0,completed,
2026-09-14,ios,,14.4,,,,16.9,,,,no_usable_rallies,1,0,completed,
2026-09-14,android,V22,112.4,10,141,19.4,72.4,,5,7,given_level,1,0,completed,
2026-09-14,ios,,76.5,10,88,13.8,28.2,,5,7,given_level,1,0,completed,
2026-09-14,android,230,119.8,10,131,16.1,88.5,,4,6,given_level,1,1,completed,
2026-09-14,android,SM-,21.6,4,13,9.8,5.4,22,,,tracked_seconds_under_45,1,0,completed,
2026-09-14,android,SM-,410.5,,,,,,,,no_report_produced,0,1,failed,PICK_ABANDONED
2026-09-14,android,SM-,10.0,2,5,5.5,17.1,10,,,tracked_seconds_under_45,1,0,completed,
2026-09-14,android,SM-,128.9,10,190,19.2,139.0,,6,8,given_level,1,1,completed,
2026-09-14,ios,,67.9,10,69,11.9,92.1,,7,9,given_level,1,0,completed,
2026-09-14,android,230,66.1,10,48,11.9,69.9,,5,7,given_level,1,1,completed,
2026-09-14,android,XQ-,429.3,,,,,,,,no_report_produced,0,0,failed,PICK_ABANDONED
2026-09-14,android,230,160.9,10,244,17.1,157.4,,5,7,given_level,1,1,completed,
2026-09-14,android,SM-,260.6,,,,,,,,no_report_produced,0,1,failed,PICK_ABANDONED
2026-09-14,android,Pix,51.2,10,36,10.1,66.3,,7,9,given_level,1,0,completed,
2026-09-14,android,SM-,260.6,,,,,,,,no_report_produced,0,1,failed,PICK_ABANDONED
2026-09-14,ios,,22.8,,,,,,,,no_report_produced,0,0,failed,PICK_ABANDONED
2026-09-14,ios,,135.2,,,,,,,,no_report_produced,0,0,failed,PICK_ABANDONED
2026-09-14,ios,,38.4,4,7,7.4,,,,,identity_no_anchor,1,0,completed,
2026-09-14,android,SM-,280.6,,,,,,,,no_report_produced,0,0,failed,PICK_ABANDONED
2026-09-14,ios,,121.8,10,208,15.1,92.0,,6,8,given_level,1,0,completed,
2026-09-14,ios,,151.9,10,196,19.1,111.6,,5,7,given_level,1,0,completed,
2026-09-14,android,Pix,495.3,,,,,,,,no_report_produced,0,1,failed,PICK_ABANDONED
2026-09-14,android,SM-,410.5,,,,,,,,no_report_produced,0,1,failed,PICK_ABANDONED
2026-09-14,ios,,90.2,10,137,18.3,69.4,,5,7,given_level,1,0,completed,
2026-09-14,ios,,500.7,10,154,17.5,,,,,identity_no_anchor,1,0,completed,
2026-09-14,ios,,116.7,10,167,12.3,94.3,,6,8,given_level,1,0,completed,
2026-09-14,ios,,747.9,10,120,9.6,,,,,identity_no_anchor,1,0,completed,
2026-09-14,ios,,24.0,9,74,14.2,13.1,24,,,tracked_seconds_under_45,1,0,completed,
2026-09-14,ios,,151.3,10,142,17.2,88.9,,5,7,given_level,1,0,completed,
2026-09-14,android,V22,77.9,10,78,13.1,56.0,,,,camera_shake,1,0,completed,
2026-09-14,android,SM-,16.1,4,12,6.9,10.8,16,,,tracked_seconds_under_45,1,1,completed,
2026-09-14,ios,,563.5,10,162,18.8,,,,,identity_no_anchor,1,0,completed,
2026-09-14,android,SM-,260.6,,,,,,,,no_report_produced,0,1,failed,PICK_ABANDONED
2026-09-14,android,SM-,410.5,,,,,,,,no_report_produced,0,1,failed,PICK_ABANDONED
2026-09-14,android,SM-,260.6,,,,,,,,no_report_produced,0,1,failed,PICK_ABANDONED
2026-09-14,ios,,38.4,3,5,6.2,,,,,identity_no_anchor,1,0,completed,
2026-09-14,ios,,108.1,10,272,16.1,139.3,,7,9,given_level,1,0,completed,
2026-09-14,android,SM-,260.6,,,,,,,,no_report_produced,0,1,failed,PICK_ABANDONED
2026-09-14,android,Pix,544.7,,,,,,,,no_report_produced,0,1,failed,PICK_ABANDONED
2026-09-14,android,SM-,410.5,,,,,,,,no_report_produced,0,1,failed,PICK_ABANDONED
2026-09-14,android,SM-,280.6,,,,,,,,no_report_produced,0,0,failed,PICK_ABANDONED
2026-09-14,android,SM-,410.5,,,,,,,,no_report_produced,0,1,failed,PICK_ABANDONED
2026-09-14,android,SM-,480.6,,,,,,,,no_report_produced,0,1,failed,PICK_ABANDONED
2026-09-14,android,SM-,14.2,,,,,,,,no_usable_rallies,1,0,completed,
2026-09-14,android,Pix,10.3,1,7,4.4,10.8,10,,,tracked_seconds_under_45,1,0,completed,
2026-09-14,android,Pix,544.7,,,,,,,,no_report_produced,0,1,failed,PICK_ABANDONED
2026-09-14,ios,,14.2,,,,9.3,,,,no_usable_rallies,1,0,completed,
2026-09-14,ios,,78.8,10,54,12.1,86.0,,7,9,given_level,1,0,completed,
2026-09-14,android,CPH,443.0,,,,,,,,no_report_produced,0,1,failed,PICK_ABANDONED
2026-09-14,ios,,120.1,10,175,12.5,60.8,,5,7,given_level,1,0,completed,
2026-09-14,ios,,19.1,3,17,8.9,23.6,19,,,tracked_seconds_under_45,1,0,completed,
2026-09-14,android,240,36.4,8,28,8.1,22.4,36,,,tracked_seconds_under_45,1,0,completed,
2026-09-14,ios,,135.6,10,155,19.6,133.7,,6,8,given_level,1,0,completed,
2026-09-14,ios,,21.7,2,28,14.0,14.0,22,,,tracked_seconds_under_45,1,0,completed,
2026-09-14,ios,,56.2,,,,,,,,no_report_produced,0,0,failed,PICK_ABANDONED
2026-09-14,ios,,87.3,10,79,18.9,117.8,,7,9,given_level,1,0,completed,
2026-09-14,android,SM-,410.5,,,,,,,,no_report_produced,0,1,failed,PICK_ABANDONED
2026-09-14,android,Pix,544.7,,,,,,,,no_report_produced,0,1,failed,PICK_ABANDONED
2026-09-14,ios,,51.0,9,97,15.5,47.1,,6,8,given_level,1,0,completed,
2026-09-14,android,XQ-,69.2,10,47,11.3,75.1,,6,8,given_level,1,0,completed,
2026-09-14,android,SM-,260.6,,,,,,,,no_report_produced,0,1,failed,PICK_ABANDONED
2026-09-14,ios,,101.2,10,95,14.7,101.0,,4,6,given_level,1,0,completed,
2026-09-14,android,251,42.3,5,15,11.5,51.8,42,,,tracked_seconds_under_45,1,0,completed,
2026-09-14,android,XQ-,4.5,1,3,5.4,3.7,4,,,tracked_seconds_under_45,1,0,completed,
2026-09-14,android,CPH,15.1,2,9,10.3,21.6,15,,,tracked_seconds_under_45,1,1,completed,
2026-09-14,ios,,103.2,10,131,17.8,168.7,,7,9,given_level,1,0,completed,
2026-09-14,android,240,201.2,,,,,,,,no_report_produced,0,0,failed,PICK_ABANDONED
2026-09-14,android,SM-,410.5,,,,,,,,no_report_produced,0,1,failed,PICK_ABANDONED
2026-09-14,ios,,83.7,10,57,11.3,71.7,,7,9,given_level,1,0,completed,
2026-09-14,android,SM-,94.0,10,111,12.6,65.3,,6,8,given_level,1,1,completed,
2026-09-14,android,Pix,46.9,10,29,7.5,52.0,,6,8,given_level,1,0,completed,
2026-09-14,android,CPH,443.0,,,,,,,,no_report_produced,0,1,failed,PICK_ABANDONED
2026-09-14,android,SM-,260.6,,,,,,,,no_report_produced,0,1,failed,PICK_ABANDONED
2026-09-14,android,230,128.4,10,131,16.1,112.3,,6,8,given_level,1,1,completed,
2026-09-14,android,V22,117.6,10,86,15.3,94.1,,5,7,given_level,1,1,completed,
2026-09-14,ios,,443.3,,,,,,,,no_report_produced,0,0,failed,PICK_ABANDONED
2026-09-15,android,240,56.3,10,55,14.1,31.3,,5,7,given_level,1,1,completed,
2026-09-15,ios,,17.5,,,,,,,,no_report_produced,0,0,failed,PICK_ABANDONED
2026-09-15,ios,,23.3,3,9,9.0,28.8,23,,,tracked_seconds_under_45,1,0,completed,
2026-09-15,android,SM-,105.3,10,121,10.4,100.9,,6,8,given_level,1,1,completed,
2026-09-15,android,SM-,64.6,10,72,9.8,27.7,,6,8,given_level,1,0,completed,
2026-09-15,android,HTC,391.7,,,,,,,,no_report_produced,0,1,failed,PICK_ABANDONED
2026-09-15,ios,,1.7,1,14,11.2,3.7,2,,,tracked_seconds_under_45,1,0,completed,
2026-09-15,ios,,29.5,3,11,7.6,52.1,,,,serve_split_unreliable,1,0,completed,
2026-09-15,ios,,56.5,10,37,16.1,24.9,,3,5,given_level,1,0,completed,
2026-09-15,ios,,102.1,10,111,14.6,72.4,,6,8,given_level,1,0,completed,
2026-09-15,android,SM-,109.4,10,82,18.4,107.3,,6,8,given_level,1,1,completed,
2026-09-15,android,V22,70.0,10,63,14.7,48.9,,5,7,given_level,1,0,completed,
2026-09-15,ios,,592.6,,,,,,,,no_report_produced,0,0,failed,PICK_ABANDONED
2026-09-15,ios,,41.5,6,24,11.7,55.1,42,,,tracked_seconds_under_45,1,0,completed,
2026-09-15,ios,,63.6,10,37,16.1,30.4,,6,8,given_level,1,0,completed,
2026-09-15,ios,,124.8,10,202,18.0,226.2,,,,insufficient_other,1,0,completed,
2026-09-15,ios,,54.7,9,80,15.9,45.0,,5,7,given_level,1,0,completed,
2026-09-15,ios,,64.7,10,71,11.8,46.8,,5,7,given_level,1,0,completed,
2026-09-15,android,SM-,33.1,5,27,17.7,12.7,33,,,tracked_seconds_under_45,1,0,completed,
2026-09-15,ios,,68.5,10,79,8.5,46.7,,5,7,given_level,1,0,completed,
2026-09-15,android,CPH,7.5,,,,,,,,no_usable_rallies,1,1,completed,
2026-09-15,android,SM-,68.7,10,82,15.8,38.2,,6,8,given_level,1,1,completed,
2026-09-15,ios,,7.1,,,7.1,10.8,,,,no_usable_rallies,1,0,completed,
2026-09-15,ios,,122.5,10,169,17.9,137.0,,6,8,given_level,1,0,completed,
2026-09-15,android,SM-,89.7,10,73,14.0,90.5,,6,8,given_level,1,0,completed,
2026-09-15,ios,,96.9,10,162,17.9,84.0,,5,7,given_level,1,0,completed,
2026-09-15,android,SM-,25.7,8,22,9.7,19.8,26,,,tracked_seconds_under_45,1,1,completed,
2026-09-15,ios,,73.4,10,106,10.1,93.3,,9,11,given_level,1,0,completed,
2026-09-15,ios,,466.4,,,,,,,,no_report_produced,0,0,failed,PICK_ABANDONED
2026-09-15,android,SM-,17.6,3,25,19.7,22.9,18,,,tracked_seconds_under_45,1,1,completed,
2026-09-15,ios,,58.8,10,37,16.1,53.9,,4,6,given_level,1,0,completed,
2026-09-15,ios,,18.0,4,22,12.9,39.4,18,,,tracked_seconds_under_45,1,0,completed,
2026-09-15,android,Pix,103.7,10,82,16.9,105.5,,6,8,given_level,1,1,completed,
2026-09-15,ios,,57.1,7,39,9.9,41.8,57,,,other,1,0,completed,
2026-09-15,ios,,72.3,9,36,14.6,56.4,,5,7,given_level,1,0,completed,
2026-09-15,ios,,63.2,9,34,16.1,28.9,,4,6,given_level,1,0,completed,
2026-09-15,ios,,74.9,10,148,18.4,43.6,,4,6,given_level,1,0,completed,
2026-09-15,android,SM-,82.8,10,119,11.7,111.2,,8,10,given_level,1,1,completed,
2026-09-15,ios,,145.9,10,199,19.5,124.6,,6,8,given_level,1,0,completed,
2026-09-15,android,SM-,507.1,,,,,,,,no_report_produced,0,1,failed,PICK_ABANDONED
2026-09-15,ios,,15.6,,,14.3,26.6,,,,no_usable_rallies,1,0,completed,
2026-09-15,android,SM-,8.4,4,32,19.7,20.9,8,,,tracked_seconds_under_45,1,1,completed,
2026-09-15,ios,,67.5,9,76,13.9,79.6,,8,10,given_level,1,0,completed,
2026-09-15,ios,,109.3,10,183,16.9,121.8,,6,8,given_level,1,0,completed,
2026-09-15,android,SM-,24.7,4,35,19.7,28.5,25,,,tracked_seconds_under_45,1,1,completed,
2026-09-15,android,SM-,6.3,6,27,9.0,14.3,6,,,tracked_seconds_under_45,1,0,completed,
2026-09-15,android,SM-,3.7,2,9,9.5,9.6,4,,,tracked_seconds_under_45,1,0,completed,
2026-09-15,ios,,94.0,10,134,11.2,101.2,,6,8,given_level,1,0,completed,
2026-09-15,android,Pix,58.5,10,62,13.7,61.4,,6,8,given_level,1,0,completed,
2026-09-15,android,SM-,72.7,10,70,17.6,98.5,,9,11,given_level,1,1,completed,
2026-09-15,ios,,93.8,10,76,16.4,54.6,,5,7,given_level,1,0,completed,
2026-09-15,ios,,69.9,10,46,14.5,57.5,,5,7,given_level,1,0,completed,
2026-09-15,ios,,81.1,10,126,16.8,69.0,,6,8,given_level,1,0,completed,
2026-09-15,ios,,140.1,10,169,17.9,160.1,,6,8,given_level,1,0,completed,
2026-09-15,ios,,19.7,4,8,10.0,34.4,20,,,tracked_seconds_under_45,1,0,completed,
2026-09-15,android,V23,79.1,9,216,16.6,66.8,,,,camera_shake,1,1,completed,
2026-09-15,ios,,165.9,,,,,,,,no_report_produced,0,0,failed,PICK_ABANDONED
2026-09-16,ios,,50.5,10,54,10.7,59.3,,8,10,given_level,1,0,completed,
2026-09-16,android,260,117.9,10,123,18.0,55.0,,4,6,given_level,1,1,completed,
2026-09-16,android,251,133.3,10,280,19.3,85.2,,5,7,given_level,1,1,completed,
2026-09-16,ios,,93.9,10,142,17.9,69.8,,5,7,given_level,1,0,completed,
2026-09-16,ios,,126.2,,,,,,,,no_usable_rallies,1,0,completed,
2026-09-16,ios,,155.4,10,404,18.5,137.7,,,,serve_split_unreliable,1,0,completed,
2026-09-16,ios,,41.1,5,50,8.9,40.0,41,,,tracked_seconds_under_45,1,0,completed,
2026-09-16,android,241,15.2,5,24,7.7,25.9,15,,,tracked_seconds_under_45,1,1,completed,
2026-09-16,android,V24,56.4,10,144,12.0,33.6,,,,camera_shake,1,0,completed,
2026-09-16,ios,,52.0,9,71,15.1,35.1,,4,6,given_level,1,0,completed,
2026-09-16,ios,,13.8,2,9,8.6,12.8,14,,,tracked_seconds_under_45,1,0,completed,
2026-09-16,ios,,48.1,9,16,7.6,26.9,,6,8,given_level,1,0,completed,
2026-09-16,android,SM-,108.1,10,118,15.1,115.6,,11,13,given_level,1,1,completed,
2026-09-16,android,SM-,125.6,10,145,15.3,146.6,,8,10,given_level,1,1,completed,
2026-09-16,ios,,3.7,2,8,8.3,4.0,4,,,tracked_seconds_under_45,1,0,completed,
2026-09-16,android,241,137.1,10,94,16.9,153.3,,,,serve_split_unreliable,1,1,completed,
2026-09-16,ios,,89.8,10,112,16.2,75.6,,7,9,given_level,1,0,completed,
2026-09-16,ios,,43.4,10,20,7.4,53.2,43,,,tracked_seconds_under_45,1,0,completed,
2026-09-16,ios,,54.1,7,40,12.4,100.8,54,,,other,1,0,completed,
2026-09-16,ios,,22.7,3,9,14.1,32.3,23,,,tracked_seconds_under_45,1,0,completed,
2026-09-16,ios,,281.0,,,,,,,,no_report_produced,0,0,failed,PICK_ABANDONED
2026-09-16,android,SM-,112.0,10,261,17.1,64.6,,4,6,given_level,1,1,completed,
2026-09-16,ios,,91.5,,,,,,,,no_report_produced,0,0,failed,PICK_ABANDONED
2026-09-16,ios,,175.7,10,153,18.9,206.5,,6,8,given_level,1,0,completed,
2026-09-16,android,Pix,22.5,3,22,8.8,26.5,22,,,tracked_seconds_under_45,1,0,completed,
2026-09-16,android,SM-,51.3,10,93,18.6,26.2,,7,9,given_level,1,1,completed,
2026-09-16,android,SM-,115.2,10,106,13.3,137.7,,8,10,given_level,1,1,completed,
2026-09-16,android,V24,125.7,10,119,17.6,150.0,,10,12,given_level,1,1,completed,
2026-09-16,android,241,24.7,2,36,16.2,30.2,25,,,tracked_seconds_under_45,1,0,completed,
2026-09-16,ios,,72.1,10,59,12.4,89.8,,8,10,given_level,1,0,completed,
2026-09-16,ios,,39.2,9,65,10.9,36.6,39,,,tracked_seconds_under_45,1,0,completed,
2026-09-16,android,SM-,48.6,10,26,8.1,62.9,,8,10,given_level,1,0,completed,
2026-09-16,ios,,300.1,,,,,,,,no_report_produced,0,0,failed,PICK_ABANDONED
2026-09-16,ios,,46.3,7,52,10.9,48.6,,11,13,given_level,1,0,completed,
2026-09-16,android,SM-,100.4,10,155,12.9,64.5,,4,6,given_level,1,1,completed,
2026-09-16,android,SM-,114.3,10,91,18.5,101.5,,10,12,given_level,1,1,completed,
2026-09-16,android,V23,37.1,8,41,14.2,38.8,37,,,tracked_seconds_under_45,1,1,completed,
2026-09-16,ios,,40.5,10,100,16.2,47.8,40,,,tracked_seconds_under_45,1,0,completed,
2026-09-16,ios,,58.2,9,45,11.7,56.7,,7,9,given_level,1,0,completed,
2026-09-16,ios,,58.6,10,60,13.3,32.9,,5,7,given_level,1,0,completed,
2026-09-16,ios,,127.0,9,140,18.2,90.3,,5,7,given_level,1,0,completed,
2026-09-16,android,SM-,64.8,10,129,13.3,52.0,,6,8,given_level,1,1,completed,
2026-09-16,ios,,78.7,5,16,9.7,,,,,identity_no_anchor,1,0,completed,
2026-09-16,android,260,136.7,10,265,18.3,89.0,,5,7,given_level,1,1,completed,
2026-09-16,android,SM-,74.6,10,166,12.0,31.0,,5,7,given_level,1,1,completed,
2026-09-16,ios,,55.9,10,61,13.3,57.3,,8,10,given_level,1,0,completed,
2026-09-16,android,241,67.0,9,125,19.5,21.9,,,,insufficient_other,1,1,completed,
2026-09-16,android,V24,77.7,9,102,17.8,90.0,,,,insufficient_other,1,1,completed,
2026-09-16,ios,,126.2,,,,,,,,no_usable_rallies,1,0,completed,
2026-09-16,ios,,19.2,1,33,,17.2,19,,,tracked_seconds_under_45,1,0,completed,
2026-09-16,android,SM-,114.3,10,94,13.9,119.8,,8,10,given_level,1,1,completed,
2026-09-16,ios,,77.0,10,43,11.7,91.5,,8,10,given_level,1,0,completed,
2026-09-16,ios,,19.9,1,53,,30.5,20,,,tracked_seconds_under_45,1,0,completed,
2026-09-16,android,ASU,6.7,10,78,13.5,12.3,7,,,tracked_seconds_under_45,1,1,completed,
2026-09-16,android,V24,39.9,2,166,19.1,34.1,40,,,tracked_seconds_under_45,1,1,completed,
2026-09-16,android,ASU,74.9,10,86,17.6,63.7,,4,6,given_level,1,0,completed,
2026-09-16,ios,,550.9,,,,,,,,no_report_produced,0,0,failed,PICK_ABANDONED
2026-09-16,ios,,126.2,,,,,,,,no_usable_rallies,1,0,completed,
2026-09-16,android,SM-,69.7,9,30,14.9,32.9,,,,camera_shake,1,1,completed,
2026-09-16,ios,,80.2,10,85,15.9,107.7,,7,9,given_level,1,0,completed,
2026-09-16,ios,,126.5,9,101,16.4,289.2,,,,insufficient_other,1,0,completed,
2026-09-16,android,SM-,524.9,,,,,,,,no_report_produced,0,1,failed,PICK_ABANDONED
2026-09-16,ios,,65.0,10,134,12.5,55.1,,8,10,given_level,1,0,completed,
2026-09-16,ios,,22.5,3,20,11.7,24.5,22,,,tracked_seconds_under_45,1,0,completed,
2026-09-16,ios,,54.1,8,103,12.9,29.2,54,,,other,1,0,completed,
2026-09-16,ios,,68.6,10,49,10.6,74.0,,9,11,given_level,1,0,completed,
2026-09-16,ios,,35.6,6,14,6.4,32.8,36,,,other,1,0,completed,
2026-09-16,ios,,29.8,6,47,13.1,25.9,30,,,tracked_seconds_under_45,1,0,completed,
2026-09-16,android,SM-,454.1,,,,,,,,no_report_produced,0,1,failed,PICK_ABANDONED
2026-09-16,android,SM-,83.0,10,48,10.1,79.1,,6,8,given_level,1,1,completed,
2026-09-17,ios,iPh,39.3,7,42,9.3,32.7,39,,,tracked_seconds_under_45,1,0,completed,
2026-09-17,android,231,160.9,10,165,17.7,83.6,,4,6,given_level,1,1,completed,
2026-09-17,ios,iPh,222.1,,,,,,,,no_report_produced,0,0,failed,PICK_ABANDONED
2026-09-17,android,CPH,14.3,6,23,10.5,17.2,14,,,tracked_seconds_under_45,1,1,completed,
2026-09-17,android,250,22.6,6,14,6.9,21.6,23,,,tracked_seconds_under_45,1,1,completed,
2026-09-17,android,SM-,34.5,9,27,10.3,36.1,34,,,tracked_seconds_under_45,1,1,completed,
2026-09-17,android,SM-,2.8,10,150,19.0,1.9,3,,,tracked_seconds_under_45,1,1,completed,
2026-09-17,ios,,132.0,10,197,15.0,127.3,,7,9,given_level,1,0,completed,
2026-09-17,android,Pix,285.1,,,,,,,,no_report_produced,0,1,failed,PICK_ABANDONED
2026-09-17,android,SM-,81.7,10,73,15.6,60.0,,5,7,given_level,1,1,completed,
2026-09-17,android,250,60.0,9,62,17.1,57.0,,8,10,given_level,1,1,completed,
2026-09-17,android,Pix,285.1,,,,,,,,no_report_produced,0,1,failed,PICK_ABANDONED
2026-09-17,android,BLK,71.0,10,33,6.5,26.7,,10,12,given_level,1,0,completed,
2026-09-17,android,SM-,111.0,9,55,18.9,68.6,,5,7,given_level,1,0,completed,
2026-09-17,ios,iPh,595.7,10,106,11.9,,,,,identity_no_anchor,1,0,completed,
2026-09-17,ios,iPh,74.4,10,89,18.8,68.9,,8,10,given_level,1,0,completed,
2026-09-17,android,260,1128.3,,,,,,,,no_report_produced,0,1,needs_pick,
2026-09-17,ios,iPh,57.5,10,71,16.4,63.1,,10,12,given_level,1,0,completed,
2026-09-17,ios,iPh,77.7,10,77,18.9,74.3,,9,11,given_level,1,0,completed,
2026-09-17,android,250,57.1,10,31,9.2,60.4,,6,8,given_level,1,1,completed,
2026-09-17,android,SM-,51.0,10,125,15.6,33.0,,7,9,given_level,1,1,completed,
2026-09-17,android,ASU,56.8,8,46,8.8,47.4,,6,8,given_level,1,1,completed,
2026-09-17,ios,,121.7,10,94,14.3,93.5,,7,9,given_level,1,0,completed,
2026-09-17,android,V22,89.1,10,32,17.1,72.9,,5,7,given_level,1,1,completed,
2026-09-17,ios,iPh,166.8,10,290,18.9,138.1,,6,8,given_level,1,0,completed,
2026-09-17,ios,,60.3,6,58,17.2,74.9,,11,13,given_level,1,0,completed,
2026-09-17,ios,iPh,70.7,10,117,9.8,34.7,,5,7,given_level,1,0,completed,
2026-09-17,ios,,645.7,,,,,,,,no_report_produced,0,0,failed,PICK_ABANDONED
2026-09-17,android,CPH,56.1,2,13,12.8,,0,,,tracked_seconds_under_45,1,1,completed,
2026-09-17,ios,iPh,222.1,,,,,,,,no_report_produced,0,0,failed,PICK_ABANDONED
2026-09-17,ios,,56.5,6,57,10.8,74.8,,9,11,given_level,1,0,completed,
2026-09-17,android,250,6.7,1,4,6.8,4.2,7,,,tracked_seconds_under_45,1,1,completed,
2026-09-17,android,SM-,58.7,10,31,9.1,60.1,,7,9,given_level,1,1,completed,
2026-09-17,android,V22,82.3,10,47,12.7,56.6,,5,7,given_level,1,1,completed,
2026-09-17,android,SM-,133.6,10,110,19.4,178.2,,11,13,given_level,1,1,completed,
2026-09-17,android,M21,102.6,9,212,13.6,43.7,,,,camera_shake,1,1,completed,
2026-09-17,ios,iPh,77.0,10,216,14.0,67.3,,7,9,given_level,1,1,completed,
2026-09-17,ios,,15.5,2,39,19.5,11.5,16,,,tracked_seconds_under_45,1,0,completed,
2026-09-17,ios,iPh,65.4,,,,,,,,no_report_produced,0,1,failed,PICK_ABANDONED
2026-09-17,android,SM-,4.2,1,,3.0,2.3,4,,,tracked_seconds_under_45,1,1,completed,
2026-09-17,ios,iPh,13.1,4,14,8.8,17.1,13,,,tracked_seconds_under_45,1,0,completed,
2026-09-17,android,Pix,544.7,,,,,,,,no_report_produced,0,1,failed,PICK_ABANDONED
2026-09-17,android,SM-,93.8,,,,,,,,no_report_produced,0,0,failed,PICK_ABANDONED
2026-09-17,ios,iPh,16.9,1,25,,22.4,17,,,tracked_seconds_under_45,1,0,completed,
2026-09-17,ios,iPh,8.7,,,11.8,11.8,,,,no_usable_rallies,1,1,completed,
2026-09-17,android,SH-,149.2,10,145,15.6,104.8,,8,10,given_level,1,1,completed,
2026-09-17,android,V22,75.3,10,52,9.5,46.6,,5,7,given_level,1,1,completed,
2026-09-17,android,CPH,2.0,3,8,6.4,4.1,2,,,tracked_seconds_under_45,1,1,completed,
2026-09-17,android,RMX,23.7,4,24,10.7,21.9,24,,,tracked_seconds_under_45,1,1,completed,
2026-09-17,ios,iPh,32.1,3,24,8.7,14.7,32,,,tracked_seconds_under_45,1,0,completed,
2026-09-17,ios,iPh,12.8,,,,,,,,no_report_produced,0,0,failed,PICK_ABANDONED
2026-09-17,ios,iPh,27.1,2,16,14.5,53.3,27,,,tracked_seconds_under_45,1,0,completed,
2026-09-17,android,SH-,124.7,10,119,15.9,101.0,,9,11,given_level,1,1,completed,
2026-09-17,ios,iPh,82.5,10,103,17.2,75.6,,8,10,given_level,1,1,completed,
2026-09-17,ios,iPh,30.6,3,19,8.5,13.1,31,,,other,1,0,completed,
2026-09-17,android,241,38.3,6,32,15.1,50.2,38,,,tracked_seconds_under_45,1,1,completed,
2026-09-17,ios,iPh,96.4,10,132,18.2,75.8,,6,8,given_level,1,0,completed,
2026-09-17,android,CPH,36.9,9,42,11.2,47.7,37,,,tracked_seconds_under_45,1,1,completed,
2026-09-17,android,PGT,68.3,10,41,8.2,68.7,,7,9,given_level,1,0,completed,
2026-09-17,ios,,93.3,10,69,16.4,98.8,,8,10,given_level,1,0,completed,
2026-09-17,ios,iPh,22.7,3,11,8.6,18.8,23,,,tracked_seconds_under_45,1,0,completed,
2026-09-17,ios,iPh,111.8,10,95,13.9,96.5,,8,10,given_level,1,0,completed,
2026-09-17,android,SM-,76.6,10,56,12.7,139.2,,,,insufficient_other,1,1,completed,
2026-09-17,ios,iPh,15.9,3,19,8.4,6.5,16,,,tracked_seconds_under_45,1,0,completed,
2026-09-17,ios,iPh,149.0,10,252,17.3,178.3,,9,11,given_level,1,0,completed,
2026-09-17,ios,iPh,13.6,2,10,6.5,9.5,14,,,tracked_seconds_under_45,1,0,completed,
2026-09-17,android,SM-,82.0,9,40,11.6,108.6,,8,10,given_level,1,1,completed,
2026-09-17,android,SM-,53.4,10,56,12.7,126.6,,,,insufficient_other,1,1,completed,
2026-09-17,ios,,287.0,,,,,,,,no_report_produced,0,0,failed,ANALYSIS_FAILED
2026-09-17,ios,,134.3,10,223,19.5,80.0,,5,7,given_level,1,0,completed,
2026-09-17,android,BLK,45.2,10,37,16.1,19.5,,10,12,given_level,1,0,completed,
2026-09-17,ios,iPh,12.2,3,27,8.1,9.6,12,,,tracked_seconds_under_45,1,0,completed,
2026-09-17,android,SM-,68.3,8,47,18.9,48.3,,3,5,given_level,1,0,completed,
2026-09-17,ios,iPh,99.3,10,262,15.9,111.3,,7,9,given_level,1,0,completed,
2026-09-17,android,SM-,68.0,10,47,12.8,62.6,,9,11,given_level,1,0,completed,
2026-09-17,android,SM-,119.8,10,128,16.9,101.9,,5,7,given_level,1,1,completed,
2026-09-17,android,APH,240.6,,,,,,,,no_report_produced,0,0,failed,PICK_ABANDONED
2026-09-17,android,CPH,300.0,,,,,,,,no_report_produced,0,1,failed,PICK_ABANDONED
2026-09-17,android,CPH,40.3,6,48,19.3,30.9,40,,,tracked_seconds_under_45,1,1,completed,
2026-09-17,ios,iPh,101.9,10,121,13.2,53.5,,6,8,given_level,1,1,completed,
2026-09-17,ios,,96.5,8,167,16.2,76.9,,5,7,given_level,1,0,completed,
2026-09-17,android,240,1.5,1,3,6.5,0.3,2,,,tracked_seconds_under_45,1,1,completed,
2026-09-17,ios,iPh,32.4,7,11,8.1,45.1,32,,,tracked_seconds_under_45,1,0,completed,
2026-09-17,ios,iPh,272.7,10,27,8.5,,,,,identity_no_anchor,1,0,completed,
2026-09-17,ios,,121.2,,,,,,,,no_report_produced,0,0,failed,PICK_ABANDONED
2026-09-17,ios,,110.5,9,170,18.9,137.5,,11,13,given_level,1,0,completed,
2026-09-17,ios,iPh,548.5,,,,,,,,no_report_produced,0,1,failed,PICK_ABANDONED
2026-09-17,ios,iPh,17.6,4,11,6.3,16.3,18,,,tracked_seconds_under_45,1,0,completed,
2026-09-17,android,260,,,,,,,,,no_report_produced,0,1,queued,
2026-09-17,android,SM-,8.0,1,4,11.0,17.2,8,,,tracked_seconds_under_45,1,1,completed,
2026-09-17,ios,iPh,22.4,3,49,13.1,30.6,22,,,tracked_seconds_under_45,1,0,completed,
2026-09-17,ios,iPh,4.4,2,11,10.9,4.4,4,,,tracked_seconds_under_45,1,0,completed,
2026-09-17,ios,iPh,78.9,10,84,17.2,54.6,,6,8,given_level,1,1,completed,
2026-09-17,ios,iPh,18.9,1,184,13.1,14.9,19,,,tracked_seconds_under_45,1,0,completed,
2026-09-17,ios,,83.1,10,87,14.1,40.0,,6,8,given_level,1,0,completed,
2026-09-17,android,SH-,98.3,10,115,17.5,121.1,,,,camera_shake,1,1,completed,
2026-09-17,android,SH-,110.4,10,104,17.2,71.7,,8,10,given_level,1,1,completed,
2026-09-17,ios,,117.0,10,98,15.8,57.2,,7,9,given_level,1,0,completed,
2026-09-17,ios,iPh,15.0,2,21,7.7,,0,,,tracked_seconds_under_45,1,0,completed,
2026-09-17,android,SM-,64.9,10,34,8.4,56.2,,6,8,given_level,1,1,completed,
2026-09-17,android,CPH,21.5,8,29,10.5,34.1,22,,,tracked_seconds_under_45,1,1,completed,
2026-09-17,android,240,19.3,7,29,8.6,9.0,19,,,tracked_seconds_under_45,1,1,completed,
2026-09-17,ios,,495.5,,,,,,,,no_report_produced,0,0,failed,PICK_ABANDONED
2026-09-17,ios,iPh,111.5,10,216,18.1,101.4,,6,8,given_level,1,0,completed,
2026-09-17,ios,iPh,84.1,10,93,15.2,86.1,,9,11,given_level,1,0,completed,
2026-09-17,android,SM-,6.5,1,6,8.9,2.3,6,,,tracked_seconds_under_45,1,0,completed,
2026-09-17,ios,iPh,53.6,9,45,7.9,65.4,,10,12,given_level,1,0,completed,
2026-09-17,ios,,81.0,10,62,5.5,50.4,,6,8,given_level,1,0,completed,
2026-09-17,android,ASU,542.6,,,,,,,,no_usable_rallies,1,1,completed,
2026-09-17,android,SH-,125.0,10,94,17.2,67.0,,9,11,given_level,1,1,completed,
2026-09-17,ios,iPh,8.9,3,6,5.9,9.2,9,,,tracked_seconds_under_45,1,0,completed,
2026-09-17,ios,iPh,70.8,8,54,11.4,35.4,,6,8,given_level,1,0,completed,
2026-09-17,android,M21,127.6,10,246,15.4,111.1,,,,camera_shake,1,1,completed,
2026-09-17,android,SH-,61.2,9,82,18.1,43.0,,7,9,given_level,1,1,completed,
2026-09-17,android,CPH,27.8,8,31,10.5,44.1,28,,,tracked_seconds_under_45,1,1,completed,
2026-09-17,ios,,98.2,8,70,14.7,112.2,,8,10,given_level,1,0,completed,
2026-09-17,ios,iPh,85.3,10,73,18.8,84.4,,8,10,given_level,1,0,completed,
